sector,signal_type,analysis_days,holding_days,volume_threshold,price_threshold,hit_rate,avg_return,trade_count,tickers_count
TECH,BUY_MODERATE,2,1,1.2,0.5,81.81818181818183,2.240560169194903,11,9
TECH,BUY_MODERATE,2,1,1.2,1.0,71.42857142857143,1.2423584393538474,21,9
TECH,BUY_MODERATE,2,1,1.3,0.5,85.71428571428571,3.1618081396344517,7,9
NON_TECH,BUY_MODERATE,2,1,1.4,0.5,85.71428571428571,4.352623269003103,7,20
NON_TECH,BUY_MODERATE,2,1,1.4,1.0,72.72727272727273,2.8106206821224053,11,20
NON_TECH,BUY_MODERATE,2,1,1.5,0.5,80.0,2.691343167611651,5,20
NON_TECH,BUY_MODERATE,2,1,1.5,1.0,71.42857142857143,2.225183623298551,7,20
NON_TECH,BUY_MODERATE,2,1,1.6,0.5,80.0,2.691343167611651,5,20
TECH,BUY_MODERATE,2,1,1.6,1.0,71.42857142857143,2.9642757465283567,7,9
NON_TECH,BUY_MODERATE,2,1,1.6,1.0,71.42857142857143,2.225183623298551,7,20
TECH,SELL_STRONG,2,1,1.7,2.0,80.0,0.7413816906411075,10,9
TECH,SELL_STRONG,2,1,1.7,2.5,71.42857142857143,-0.4178905716821077,7,9
TECH,BUY_MODERATE,2,2,1.2,2.0,70.0,1.9866269566167356,30,9
TECH,BUY_MODERATE,2,2,1.2,2.5,70.58823529411765,1.987221481595652,34,9
NON_TECH,BUY_MODERATE,2,2,1.3,0.5,70.0,5.372512310987774,10,20
TECH,BUY_MODERATE,2,2,1.3,2.0,73.68421052631578,2.2788390443302053,19,9
TECH,BUY_MODERATE,2,2,1.3,2.5,77.27272727272727,2.505037077157098,22,9
NON_TECH,BUY_MODERATE,2,2,1.4,0.5,100.0,8.31008571547562,7,20
NON_TECH,BUY_MODERATE,2,2,1.4,1.0,72.72727272727273,3.49534090905632,11,20
TECH,BUY_MODERATE,2,2,1.4,2.0,73.33333333333333,2.5886234454268644,15,9
TECH,BUY_MODERATE,2,2,1.4,2.5,75.0,3.0785527940334796,16,9
NON_TECH,BUY_MODERATE,2,2,1.5,0.5,100.0,6.791992147642979,5,20
TECH,BUY_MODERATE,2,2,1.5,1.0,75.0,3.1894925364033115,8,9
NON_TECH,BUY_MODERATE,2,2,1.5,1.0,85.71428571428571,4.3737582374786435,7,20
TECH,BUY_MODERATE,2,2,1.5,1.5,72.72727272727273,2.2884664864889497,11,9
TECH,BUY_MODERATE,2,2,1.5,2.0,78.57142857142857,3.1573093695737495,14,9
TECH,BUY_MODERATE,2,2,1.5,2.5,80.0,3.641988279811014,15,9
NON_TECH,BUY_MODERATE,2,2,1.6,0.5,100.0,6.791992147642979,5,20
TECH,BUY_MODERATE,2,2,1.6,1.0,100.0,5.364276363613197,6,9
NON_TECH,BUY_MODERATE,2,2,1.6,1.0,85.71428571428571,4.3737582374786435,7,20
TECH,BUY_MODERATE,2,2,1.6,1.5,100.0,5.275085232407893,8,9
NON_TECH,BUY_MODERATE,2,2,1.6,1.5,70.0,3.7228129139836468,10,20
TECH,BUY_MODERATE,2,2,1.6,2.0,100.0,5.367403846407298,10,9
TECH,BUY_MODERATE,2,2,1.6,2.5,100.0,5.367403846407298,10,9
NON_TECH,BUY_MODERATE,2,2,1.7,1.0,83.33333333333334,4.162308027145838,6,20
TECH,BUY_MODERATE,2,2,1.7,1.5,100.0,6.528808405925898,6,9
TECH,SELL_STRONG,2,2,1.7,2.0,70.0,-0.46640576203278983,10,9
TECH,BUY_MODERATE,2,2,1.7,2.0,100.0,6.070898600549175,7,9
TECH,BUY_MODERATE,2,2,1.7,2.5,100.0,6.070898600549175,7,9
TECH,SELL_STRONG,2,2,1.7,2.5,71.42857142857143,0.44214784866297163,7,9
TECH,BUY_MODERATE,2,3,1.2,0.5,81.81818181818183,5.29184142674037,11,9
TECH,BUY_MODERATE,2,3,1.2,1.0,80.0,3.7201552618241323,20,9
TECH,BUY_MODERATE,2,3,1.2,1.5,80.0,3.1675693838134107,25,9
TECH,BUY_MODERATE,2,3,1.2,2.0,80.0,3.1848787075013263,30,9
TECH,BUY_MODERATE,2,3,1.2,2.5,79.41176470588235,3.205523884046277,34,9
TECH,BUY_MODERATE,2,3,1.3,0.5,71.42857142857143,1.5737506905295733,7,9
NON_TECH,BUY_MODERATE,2,3,1.3,0.5,70.0,6.959879042507157,10,20
TECH,BUY_MODERATE,2,3,1.3,1.0,75.0,1.945470635704794,12,9
TECH,BUY_MODERATE,2,3,1.3,1.5,75.0,1.5500995684423344,16,9
TECH,BUY_MODERATE,2,3,1.3,2.0,78.94736842105263,2.2921575738476703,19,9
TECH,BUY_MODERATE,2,3,1.3,2.5,81.81818181818183,2.8516967342578434,22,9
NON_TECH,BUY_MODERATE,2,3,1.4,0.5,100.0,10.243747086243689,7,20
TECH,BUY_MODERATE,2,3,1.4,1.0,77.77777777777779,2.476857022023993,9,9
TECH,BUY_MODERATE,2,3,1.4,1.5,75.0,1.7194059342030954,12,9
TECH,BUY_MODERATE,2,3,1.4,2.0,80.0,2.625484801231036,15,9
TECH,BUY_MODERATE,2,3,1.4,2.5,81.25,3.49925369793214,16,9
NON_TECH,BUY_MODERATE,2,3,1.5,0.5,100.0,9.69033605596157,5,20
TECH,BUY_MODERATE,2,3,1.5,1.0,87.5,4.031310042297001,8,9
NON_TECH,BUY_MODERATE,2,3,1.5,1.0,71.42857142857143,5.708518419470631,7,20
TECH,BUY_MODERATE,2,3,1.5,1.5,81.81818181818183,2.7810580318724742,11,9
TECH,BUY_MODERATE,2,3,1.5,2.0,85.71428571428571,3.524359939901829,14,9
TECH,BUY_MODERATE,2,3,1.5,2.5,86.66666666666667,4.396455087138289,15,9
NON_TECH,BUY_MODERATE,2,3,1.6,0.5,100.0,9.69033605596157,5,20
TECH,BUY_MODERATE,2,3,1.6,1.0,100.0,5.92971308120568,6,9
NON_TECH,BUY_MODERATE,2,3,1.6,1.0,71.42857142857143,5.708518419470631,7,20
TECH,BUY_MODERATE,2,3,1.6,1.5,100.0,5.511690214900085,8,9
TECH,BUY_MODERATE,2,3,1.6,2.0,100.0,5.328459278967434,10,9
TECH,BUY_MODERATE,2,3,1.6,2.5,100.0,5.328459278967434,10,9
TECH,BUY_MODERATE,2,3,1.7,1.5,100.0,5.973376683698046,6,9
TECH,BUY_MODERATE,2,3,1.7,2.0,100.0,5.842148554835009,7,9
TECH,BUY_MODERATE,2,3,1.7,2.5,100.0,5.842148554835009,7,9
NON_TECH,BUY_STRONG,2,3,1.7,2.5,71.42857142857143,3.2371744473442017,35,20
NON_TECH,BUY_MODERATE,2,4,1.2,0.5,76.92307692307693,5.071462646394806,13,20
TECH,BUY_MODERATE,2,4,1.2,2.0,70.0,4.243863078027554,30,9
TECH,BUY_MODERATE,2,4,1.2,2.5,73.52941176470588,4.3946451482780375,34,9
NON_TECH,BUY_MODERATE,2,4,1.3,0.5,90.0,7.788847822537917,10,20
TECH,BUY_MODERATE,2,4,1.3,2.5,72.72727272727273,3.8243198435095596,22,9
NON_TECH,BUY_MODERATE,2,4,1.4,0.5,100.0,11.159243158678334,7,20
NON_TECH,BUY_MODERATE,2,4,1.4,1.0,72.72727272727273,4.164158141452024,11,20
TECH,BUY_MODERATE,2,4,1.4,2.0,73.33333333333333,4.658505215486249,15,9
TECH,BUY_MODERATE,2,4,1.4,2.5,75.0,5.261808389341182,16,9
NON_TECH,BUY_MODERATE,2,4,1.5,0.5,100.0,9.901751862609611,5,20
TECH,BUY_MODERATE,2,4,1.5,1.0,75.0,5.244476043226879,8,9
NON_TECH,BUY_MODERATE,2,4,1.5,1.0,85.71428571428571,6.339029930403917,7,20
TECH,BUY_MODERATE,2,4,1.5,1.5,72.72727272727273,4.7844467324145254,11,9
TECH,BUY_MODERATE,2,4,1.5,2.0,78.57142857142857,5.511596345949269,14,9
TECH,BUY_MODERATE,2,4,1.5,2.5,80.0,6.098246989363661,15,9
NON_TECH,BUY_MODERATE,2,4,1.6,0.5,100.0,9.901751862609611,5,20
TECH,BUY_MODERATE,2,4,1.6,1.0,83.33333333333334,6.8525936264508225,6,9
NON_TECH,BUY_MODERATE,2,4,1.6,1.0,85.71428571428571,6.339029930403917,7,20
TECH,BUY_MODERATE,2,4,1.6,1.5,87.5,7.322229972470669,8,9
NON_TECH,BUY_MODERATE,2,4,1.6,1.5,70.0,5.026670837346027,10,20
TECH,BUY_MODERATE,2,4,1.6,2.0,90.0,7.373345808882695,10,9
TECH,BUY_MODERATE,2,4,1.6,2.5,90.0,7.373345808882695,10,9
TECH,BUY_STRONG,2,4,1.7,0.5,75.0,2.0380297999302552,16,9
TECH,BUY_STRONG,2,4,1.7,1.0,71.42857142857143,1.1867263729042234,14,9
NON_TECH,BUY_MODERATE,2,4,1.7,1.0,83.33333333333334,6.585478254210414,6,20
TECH,BUY_MODERATE,2,4,1.7,1.5,100.0,8.195725929772978,6,9
TECH,BUY_MODERATE,2,4,1.7,2.0,100.0,8.178557515681996,7,9
NON_TECH,BUY_MODERATE,2,4,1.7,2.0,70.0,4.671233280904026,10,20
TECH,BUY_MODERATE,2,4,1.7,2.5,100.0,8.178557515681996,7,9
NON_TECH,BUY_STRONG,2,4,1.7,2.5,71.42857142857143,2.7679875925161346,35,20
TECH,BUY_MODERATE,2,5,1.2,0.5,72.72727272727273,6.5441109063457725,11,9
NON_TECH,BUY_MODERATE,2,5,1.2,0.5,84.61538461538461,7.683614114495654,13,20
NON_TECH,BUY_MODERATE,2,5,1.2,1.0,70.0,3.3771048790245346,20,20
TECH,BUY_MODERATE,2,5,1.2,2.0,70.0,4.786654896447601,30,9
TECH,BUY_MODERATE,2,5,1.2,2.5,73.52941176470588,4.890191708126646,34,9
NON_TECH,BUY_MODERATE,2,5,1.3,0.5,90.0,9.867405404883602,10,20
TECH,BUY_MODERATE,2,5,1.3,2.5,72.72727272727273,4.069462455800346,22,9
NON_TECH,BUY_MODERATE,2,5,1.4,0.5,100.0,12.185494280330792,7,20
NON_TECH,BUY_MODERATE,2,5,1.4,1.0,72.72727272727273,5.28682369482629,11,20
TECH,BUY_MODERATE,2,5,1.4,2.0,73.33333333333333,5.081536371462306,15,9
TECH,BUY_MODERATE,2,5,1.4,2.5,75.0,5.682033102596467,16,9
NON_TECH,BUY_MODERATE,2,5,1.5,0.5,100.0,10.515891641105748,5,20
TECH,BUY_MODERATE,2,5,1.5,1.0,75.0,6.113852283104032,8,9
NON_TECH,BUY_MODERATE,2,5,1.5,1.0,85.71428571428571,7.016720144274619,7,20
TECH,BUY_MODERATE,2,5,1.5,1.5,72.72727272727273,5.333049824536376,11,9
TECH,BUY_MODERATE,2,5,1.5,2.0,78.57142857142857,5.895226689153216,14,9
TECH,BUY_MODERATE,2,5,1.5,2.5,80.0,6.481510514516927,15,9
NON_TECH,BUY_MODERATE,2,5,1.6,0.5,100.0,10.515891641105748,5,20
TECH,BUY_MODERATE,2,5,1.6,1.0,83.33333333333334,7.667009619002669,6,9
NON_TECH,BUY_MODERATE,2,5,1.6,1.0,85.71428571428571,7.016720144274619,7,20
TECH,BUY_MODERATE,2,5,1.6,1.5,87.5,8.39947436547528,8,9
NON_TECH,BUY_MODERATE,2,5,1.6,1.5,80.0,6.35487668621568,10,20
TECH,BUY_MODERATE,2,5,1.6,2.0,90.0,8.227424193861324,10,9
NON_TECH,BUY_MODERATE,2,5,1.6,2.0,75.0,5.4887822351491105,12,20
TECH,BUY_MODERATE,2,5,1.6,2.5,90.0,8.227424193861324,10,9
NON_TECH,BUY_MODERATE,2,5,1.7,1.0,83.33333333333334,7.506471864974519,6,20
TECH,BUY_MODERATE,2,5,1.7,1.5,100.0,9.960962860810229,6,9
NON_TECH,BUY_MODERATE,2,5,1.7,1.5,77.77777777777779,6.607839671342398,9,20
TECH,BUY_MODERATE,2,5,1.7,2.0,100.0,9.492712324475109,7,9
NON_TECH,BUY_MODERATE,2,5,1.7,2.0,80.0,6.245562874780189,10,20
TECH,BUY_MODERATE,2,5,1.7,2.5,100.0,9.492712324475109,7,9
TECH,BUY_MODERATE,2,6,1.2,0.5,72.72727272727273,6.858185111509135,11,9
NON_TECH,BUY_MODERATE,2,6,1.2,0.5,84.61538461538461,10.124821452056256,13,20
TECH,BUY_MODERATE,2,6,1.2,1.0,70.0,5.291117583941427,20,9
NON_TECH,BUY_MODERATE,2,6,1.2,1.0,70.0,4.584294941720802,20,20
TECH,BUY_MODERATE,2,6,1.2,1.5,72.0,5.272834501744055,25,9
TECH,BUY_MODERATE,2,6,1.2,2.0,73.33333333333333,4.829026857635445,30,9
TECH,BUY_MODERATE,2,6,1.2,2.5,73.52941176470588,4.8588447280764635,34,9
NON_TECH,BUY_MODERATE,2,6,1.3,0.5,90.0,12.410865238851855,10,20
NON_TECH,BUY_MODERATE,2,6,1.4,0.5,100.0,13.149785708094422,7,20
NON_TECH,BUY_MODERATE,2,6,1.4,1.0,72.72727272727273,5.390642485800718,11,20
TECH,BUY_MODERATE,2,6,1.4,2.0,73.33333333333333,4.7635410162252025,15,9
TECH,BUY_MODERATE,2,6,1.4,2.5,75.0,5.210067891960429,16,9
NON_TECH,BUY_MODERATE,2,6,1.5,0.5,100.0,11.422636604060727,5,20
TECH,BUY_MODERATE,2,6,1.5,1.0,75.0,6.544505086195579,8,9
NON_TECH,BUY_MODERATE,2,6,1.5,1.0,85.71428571428571,7.860920307403967,7,20
TECH,BUY_MODERATE,2,6,1.5,1.5,72.72727272727273,5.743561646137436,11,9
TECH,BUY_MODERATE,2,6,1.5,2.0,78.57142857142857,5.782110879787923,14,9
TECH,BUY_MODERATE,2,6,1.5,2.5,80.0,6.190501556334651,15,9
NON_TECH,BUY_MODERATE,2,6,1.6,0.5,100.0,11.422636604060727,5,20
TECH,BUY_MODERATE,2,6,1.6,1.0,83.33333333333334,7.777552228898206,6,9
NON_TECH,BUY_MODERATE,2,6,1.6,1.0,85.71428571428571,7.860920307403967,7,20
TECH,BUY_MODERATE,2,6,1.6,1.5,87.5,8.437265043475277,8,9
NON_TECH,BUY_MODERATE,2,6,1.6,1.5,80.0,6.527756512841347,10,20
TECH,BUY_MODERATE,2,6,1.6,2.0,90.0,8.045972272008026,10,9
TECH,BUY_MODERATE,2,6,1.6,2.5,90.0,8.045972272008026,10,9
NON_TECH,BUY_MODERATE,2,6,1.7,1.0,83.33333333333334,8.556548681284637,6,20
TECH,BUY_MODERATE,2,6,1.7,1.5,100.0,9.783797345726853,6,9
NON_TECH,BUY_MODERATE,2,6,1.7,1.5,77.77777777777779,6.843379451588169,9,20
TECH,BUY_MODERATE,2,6,1.7,2.0,100.0,9.307128825812802,7,9
NON_TECH,BUY_MODERATE,2,6,1.7,2.0,70.0,5.935160238878787,10,20
TECH,BUY_MODERATE,2,6,1.7,2.5,100.0,9.307128825812802,7,9
TECH,BUY_MODERATE,2,7,1.2,0.5,81.81818181818183,6.874718893772537,11,9
NON_TECH,BUY_MODERATE,2,7,1.2,0.5,75.0,8.246817119522285,12,20
TECH,BUY_MODERATE,2,7,1.2,1.0,75.0,4.8316452670740055,20,9
TECH,BUY_MODERATE,2,7,1.2,1.5,76.0,4.501630634809558,25,9
TECH,BUY_MODERATE,2,7,1.2,2.0,76.66666666666667,4.197801128192454,30,9
TECH,BUY_MODERATE,2,7,1.2,2.5,76.47058823529412,4.345566942123971,34,9
TECH,BUY_MODERATE,2,7,1.3,0.5,71.42857142857143,2.5383424920345767,7,9
NON_TECH,BUY_MODERATE,2,7,1.3,0.5,88.88888888888889,10.907451250201468,9,20
TECH,BUY_MODERATE,2,7,1.3,2.0,73.68421052631578,2.72488256095483,19,9
TECH,BUY_MODERATE,2,7,1.3,2.5,72.72727272727273,3.1604945578767247,22,9
NON_TECH,BUY_MODERATE,2,7,1.4,0.5,100.0,13.141094998661673,7,20
TECH,BUY_MODERATE,2,7,1.4,2.0,73.33333333333333,3.6340602566416265,15,9
TECH,BUY_MODERATE,2,7,1.4,2.5,75.0,4.006175651059181,16,9
NON_TECH,BUY_MODERATE,2,7,1.5,0.5,100.0,13.043653777868792,5,20
TECH,BUY_MODERATE,2,7,1.5,1.0,75.0,6.082019044833698,8,9
NON_TECH,BUY_MODERATE,2,7,1.5,1.0,71.42857142857143,8.330104690087753,7,20
TECH,BUY_MODERATE,2,7,1.5,1.5,72.72727272727273,4.4388527956295425,11,9
TECH,BUY_MODERATE,2,7,1.5,2.0,78.57142857142857,4.655850252284231,14,9
TECH,BUY_MODERATE,2,7,1.5,2.5,80.0,4.984654006620114,15,9
NON_TECH,BUY_MODERATE,2,7,1.6,0.5,100.0,13.043653777868792,5,20
TECH,BUY_MODERATE,2,7,1.6,1.0,83.33333333333334,6.120995102042573,6,9
NON_TECH,BUY_MODERATE,2,7,1.6,1.0,71.42857142857143,8.330104690087753,7,20
TECH,BUY_MODERATE,2,7,1.6,1.5,87.5,6.714422498152991,8,9
NON_TECH,BUY_MODERATE,2,7,1.6,1.5,70.0,6.405914129329112,10,20
TECH,BUY_MODERATE,2,7,1.6,2.0,90.0,6.634133903825109,10,9
TECH,BUY_MODERATE,2,7,1.6,2.5,90.0,6.634133903825109,10,9
TECH,BUY_MODERATE,2,7,1.7,1.5,100.0,8.012088836197163,6,9
TECH,BUY_MODERATE,2,7,1.7,2.0,100.0,8.030667200586693,7,9
TECH,BUY_MODERATE,2,7,1.7,2.5,100.0,8.030667200586693,7,9
TECH,BUY_MODERATE,3,1,1.2,0.5,80.0,0.6446327664756747,5,9
NON_TECH,BUY_MODERATE,3,1,1.2,0.5,70.0,5.607472877529342,10,20
TECH,BUY_MODERATE,3,1,1.2,1.0,88.88888888888889,1.0090474311135915,9,9
TECH,BUY_MODERATE,3,1,1.2,1.5,92.85714285714286,1.555479017255667,14,9
TECH,BUY_MODERATE,3,1,1.2,2.0,88.88888888888889,1.134603676825427,18,9
TECH,BUY_MODERATE,3,1,1.2,2.5,78.26086956521739,0.9478488210010738,23,9
NON_TECH,BUY_MODERATE,3,1,1.3,0.5,75.0,3.3218750376201642,8,20
TECH,BUY_MODERATE,3,1,1.3,1.0,100.0,1.589250647259013,6,9
TECH,BUY_MODERATE,3,1,1.3,1.5,100.0,2.309904241804868,9,9
NON_TECH,BUY_MODERATE,3,1,1.3,1.5,73.33333333333333,2.3575039195357093,15,20
TECH,BUY_MODERATE,3,1,1.3,2.0,100.0,2.3247440274948628,11,9
TECH,BUY_STRONG,3,1,1.3,2.0,70.0,1.7333563570693926,40,9
TECH,BUY_MODERATE,3,1,1.3,2.5,81.25,1.684365062663156,16,9
TECH,BUY_STRONG,3,1,1.3,2.5,72.41379310344827,1.7044094535634124,29,9
TECH,BUY_STRONG,3,1,1.4,0.5,70.0,1.639810049171239,40,9
NON_TECH,BUY_MODERATE,3,1,1.4,0.5,71.42857142857143,3.7638874138618084,7,20
TECH,BUY_MODERATE,3,1,1.4,1.0,100.0,1.589250647259013,6,9
TECH,BUY_MODERATE,3,1,1.4,1.5,100.0,2.309904241804868,9,9
TECH,BUY_STRONG,3,1,1.4,1.5,74.19354838709677,2.509753988305766,31,9
TECH,BUY_MODERATE,3,1,1.4,2.0,100.0,2.4527271419963883,10,9
TECH,BUY_STRONG,3,1,1.4,2.0,77.77777777777779,2.7551618174686143,27,9
TECH,BUY_MODERATE,3,1,1.4,2.5,78.57142857142857,1.7899465801333574,14,9
TECH,BUY_STRONG,3,1,1.4,2.5,76.19047619047619,2.6462317050222217,21,9
TECH,BUY_STRONG,3,1,1.5,0.5,73.07692307692307,2.8371696958786066,26,9
NON_TECH,BUY_MODERATE,3,1,1.5,0.5,80.0,6.1772063362361305,5,20
TECH,BUY_MODERATE,3,1,1.5,1.0,100.0,1.4381929032142893,5,9
NON_TECH,BUY_MODERATE,3,1,1.5,1.0,75.0,4.4530779506249125,8,20
TECH,BUY_MODERATE,3,1,1.5,1.5,100.0,2.8121772330812544,6,9
TECH,BUY_STRONG,3,1,1.5,1.5,78.94736842105263,4.124987569233717,19,9
NON_TECH,BUY_MODERATE,3,1,1.5,1.5,77.77777777777779,4.269284998838862,9,20
TECH,BUY_MODERATE,3,1,1.5,2.0,100.0,2.9444566631725144,7,9
TECH,BUY_STRONG,3,1,1.5,2.0,81.25,4.683916037121659,16,9
NON_TECH,BUY_MODERATE,3,1,1.5,2.0,72.72727272727273,3.484985378480705,11,20
TECH,BUY_MODERATE,3,1,1.5,2.5,80.0,2.7572134256235152,10,9
TECH,BUY_STRONG,3,1,1.5,2.5,76.92307692307693,3.9278560347013647,13,9
NON_TECH,BUY_MODERATE,3,1,1.5,2.5,76.19047619047619,5.2760145553728135,21,20
TECH,BUY_STRONG,3,1,1.6,0.5,73.07692307692307,2.8371696958786066,26,9
TECH,BUY_MODERATE,3,1,1.6,1.0,100.0,1.4381929032142893,5,9
NON_TECH,BUY_MODERATE,3,1,1.6,1.0,85.71428571428571,5.618860132105405,7,20
TECH,BUY_MODERATE,3,1,1.6,1.5,100.0,1.4381929032142893,5,9
TECH,BUY_STRONG,3,1,1.6,1.5,78.94736842105263,4.124987569233717,19,9
NON_TECH,BUY_MODERATE,3,1,1.6,1.5,87.5,5.266370288661036,8,20
TECH,BUY_MODERATE,3,1,1.6,2.0,100.0,1.8215162932985862,6,9
TECH,BUY_STRONG,3,1,1.6,2.0,81.25,4.683916037121659,16,9
TECH,SELL_STRONG,3,1,1.6,2.0,73.91304347826086,1.102125905141902,23,9
NON_TECH,BUY_MODERATE,3,1,1.6,2.0,80.0,4.204223648302628,10,20
TECH,BUY_MODERATE,3,1,1.6,2.5,77.77777777777779,1.9877817082021185,9,9
TECH,BUY_STRONG,3,1,1.6,2.5,76.92307692307693,3.9278560347013647,13,9
TECH,SELL_STRONG,3,1,1.6,2.5,72.72727272727273,0.965928827486826,22,9
NON_TECH,BUY_MODERATE,3,1,1.6,2.5,82.35294117647058,4.619126220794305,17,20
TECH,BUY_STRONG,3,1,1.7,0.5,70.0,3.6237489132289213,20,9
TECH,SELL_STRONG,3,1,1.7,1.0,75.0,-0.4987930203453216,20,9
NON_TECH,BUY_MODERATE,3,1,1.7,1.0,83.33333333333334,3.970604783384053,6,20
TECH,BUY_STRONG,3,1,1.7,1.5,75.0,4.534060122237146,16,9
TECH,SELL_STRONG,3,1,1.7,1.5,83.33333333333334,0.6754345879443109,18,9
NON_TECH,BUY_MODERATE,3,1,1.7,1.5,85.71428571428571,3.803224297836396,7,20
TECH,BUY_STRONG,3,1,1.7,2.0,76.92307692307693,5.316373441100018,13,9
TECH,SELL_STRONG,3,1,1.7,2.0,93.75,1.6309935426476223,16,9
NON_TECH,BUY_MODERATE,3,1,1.7,2.0,75.0,3.1471529545736963,8,20
TECH,BUY_STRONG,3,1,1.7,2.5,72.72727272727273,4.57877473068319,11,9
TECH,SELL_STRONG,3,1,1.7,2.5,93.33333333333333,1.466495671253892,15,9
NON_TECH,BUY_MODERATE,3,1,1.7,2.5,83.33333333333334,5.01344984508624,12,20
TECH,BUY_MODERATE,3,2,1.2,0.5,80.0,5.670780502750727,5,9
NON_TECH,BUY_MODERATE,3,2,1.2,0.5,80.0,5.329502409690441,10,20
TECH,BUY_MODERATE,3,2,1.2,1.0,88.88888888888889,3.7374248222775557,9,9
TECH,BUY_MODERATE,3,2,1.2,1.5,85.71428571428571,2.9191512651602123,14,9
TECH,BUY_MODERATE,3,2,1.2,2.0,83.33333333333334,2.889263216093939,18,9
TECH,BUY_MODERATE,3,2,1.2,2.5,78.26086956521739,2.1939885201318345,23,9
TECH,BUY_STRONG,3,2,1.2,2.5,70.27027027027027,2.3223526976947055,37,9
NON_TECH,BUY_MODERATE,3,2,1.3,0.5,75.0,2.1832651635685245,8,20
TECH,BUY_MODERATE,3,2,1.3,1.0,100.0,5.182487625411343,6,9
TECH,BUY_MODERATE,3,2,1.3,1.5,100.0,4.248914313600318,9,9
TECH,BUY_MODERATE,3,2,1.3,2.0,100.0,4.602261279997973,11,9
TECH,BUY_MODERATE,3,2,1.3,2.5,87.5,3.0674920095824367,16,9
TECH,BUY_STRONG,3,2,1.4,0.5,71.05263157894737,2.5628905859705284,38,9
NON_TECH,BUY_MODERATE,3,2,1.4,0.5,71.42857142857143,1.9853432173009042,7,20
TECH,BUY_MODERATE,3,2,1.4,1.0,100.0,5.182487625411343,6,9
TECH,BUY_MODERATE,3,2,1.4,1.5,100.0,4.248914313600318,9,9
TECH,BUY_STRONG,3,2,1.4,1.5,72.41379310344827,3.264249644385086,29,9
TECH,BUY_MODERATE,3,2,1.4,2.0,100.0,4.267884573770632,10,9
TECH,BUY_STRONG,3,2,1.4,2.0,72.0,3.56393060449241,25,9
TECH,BUY_MODERATE,3,2,1.4,2.5,85.71428571428571,2.845980186772774,14,9
TECH,BUY_STRONG,3,2,1.4,2.5,78.94736842105263,3.995448279872479,19,9
NON_TECH,BUY_MODERATE,3,2,1.4,2.5,73.07692307692307,4.2163848752231825,26,20
TECH,BUY_STRONG,3,2,1.5,0.5,83.33333333333334,4.407716161184546,24,9
NON_TECH,BUY_MODERATE,3,2,1.5,0.5,80.0,3.4043290314007053,5,20
TECH,BUY_MODERATE,3,2,1.5,1.0,100.0,5.407089864742898,5,9
TECH,BUY_STRONG,3,2,1.5,1.0,80.95238095238095,4.38902830255256,21,9
NON_TECH,BUY_MODERATE,3,2,1.5,1.0,75.0,2.7764754375659884,8,20
TECH,BUY_MODERATE,3,2,1.5,1.5,100.0,5.441176800395823,6,9
TECH,BUY_STRONG,3,2,1.5,1.5,88.23529411764706,5.930473229817724,17,9
NON_TECH,BUY_MODERATE,3,2,1.5,1.5,77.77777777777779,2.6185578440157706,9,20
TECH,BUY_MODERATE,3,2,1.5,2.0,100.0,5.297953959668344,7,9
TECH,BUY_STRONG,3,2,1.5,2.0,85.71428571428571,6.515020777704518,14,9
NON_TECH,BUY_MODERATE,3,2,1.5,2.0,72.72727272727273,1.80434750074446,11,20
TECH,BUY_MODERATE,3,2,1.5,2.5,90.0,4.114772387365169,10,9
TECH,BUY_STRONG,3,2,1.5,2.5,81.81818181818183,6.2402456330650855,11,9
NON_TECH,BUY_MODERATE,3,2,1.5,2.5,80.95238095238095,4.313251540568268,21,20
TECH,BUY_STRONG,3,2,1.6,0.5,83.33333333333334,4.407716161184546,24,9
TECH,BUY_MODERATE,3,2,1.6,1.0,100.0,5.407089864742898,5,9
TECH,BUY_STRONG,3,2,1.6,1.0,80.95238095238095,4.38902830255256,21,9
NON_TECH,BUY_MODERATE,3,2,1.6,1.0,85.71428571428571,3.8855089976047226,7,20
TECH,BUY_MODERATE,3,2,1.6,1.5,100.0,5.407089864742898,5,9
TECH,BUY_STRONG,3,2,1.6,1.5,88.23529411764706,5.930473229817724,17,9
NON_TECH,BUY_MODERATE,3,2,1.6,1.5,87.5,3.5692225098558854,8,20
TECH,BUY_MODERATE,3,2,1.6,2.0,100.0,5.245677706502992,6,9
TECH,BUY_STRONG,3,2,1.6,2.0,85.71428571428571,6.515020777704518,14,9
NON_TECH,BUY_MODERATE,3,2,1.6,2.0,80.0,2.483458199089421,10,20
TECH,BUY_MODERATE,3,2,1.6,2.5,88.88888888888889,3.948456932776804,9,9
TECH,BUY_STRONG,3,2,1.6,2.5,81.81818181818183,6.2402456330650855,11,9
NON_TECH,BUY_MODERATE,3,2,1.6,2.5,82.35294117647058,3.6983393880862856,17,20
TECH,BUY_STRONG,3,2,1.7,0.5,83.33333333333334,4.8570732472283344,18,9
TECH,BUY_STRONG,3,2,1.7,1.0,81.25,5.109859579847251,16,9
NON_TECH,BUY_MODERATE,3,2,1.7,1.0,83.33333333333334,3.312050691594672,6,20
TECH,BUY_STRONG,3,2,1.7,1.5,85.71428571428571,6.0570825534444,14,9
NON_TECH,BUY_MODERATE,3,2,1.7,1.5,85.71428571428571,3.032503035026008,7,20
TECH,BUY_STRONG,3,2,1.7,2.0,81.81818181818183,6.835581975380321,11,9
NON_TECH,BUY_MODERATE,3,2,1.7,2.0,75.0,1.795265701990298,8,20
TECH,BUY_STRONG,3,2,1.7,2.5,77.77777777777779,6.88646140475468,9,9
NON_TECH,BUY_MODERATE,3,2,1.7,2.5,83.33333333333334,3.5105017861673296,12,20
TECH,BUY_MODERATE,3,3,1.2,0.5,80.0,5.161702081854395,5,9
TECH,BUY_MODERATE,3,3,1.2,1.0,88.88888888888889,5.07488448638124,9,9
TECH,BUY_MODERATE,3,3,1.2,1.5,78.57142857142857,4.08799226137302,14,9
TECH,BUY_MODERATE,3,3,1.2,2.0,77.77777777777779,3.744207416971059,18,9
TECH,BUY_MODERATE,3,3,1.2,2.5,73.91304347826086,2.602710649778867,23,9
TECH,BUY_MODERATE,3,3,1.3,1.0,100.0,7.451773307165788,6,9
TECH,BUY_MODERATE,3,3,1.3,1.5,88.88888888888889,6.150114398744605,9,9
TECH,BUY_MODERATE,3,3,1.3,2.0,90.9090909090909,6.857678847642674,11,9
TECH,BUY_MODERATE,3,3,1.3,2.5,81.25,4.24381742271902,16,9
TECH,BUY_MODERATE,3,3,1.4,1.0,100.0,7.451773307165788,6,9
TECH,BUY_MODERATE,3,3,1.4,1.5,88.88888888888889,6.150114398744605,9,9
TECH,BUY_STRONG,3,3,1.4,1.5,70.37037037037037,5.0575229262477155,27,9
TECH,BUY_MODERATE,3,3,1.4,2.0,90.0,6.361289234438929,10,9
TECH,BUY_STRONG,3,3,1.4,2.0,70.83333333333334,5.479128433735444,24,9
TECH,BUY_MODERATE,3,3,1.4,2.5,78.57142857142857,3.837395299564289,14,9
TECH,BUY_STRONG,3,3,1.4,2.5,77.77777777777779,6.22260552121431,18,9
TECH,BUY_STRONG,3,3,1.5,0.5,81.81818181818183,5.904363763183555,22,9
TECH,BUY_MODERATE,3,3,1.5,1.0,100.0,7.531803065371982,5,9
TECH,BUY_STRONG,3,3,1.5,1.0,84.21052631578947,5.847339779138785,19,9
TECH,BUY_MODERATE,3,3,1.5,1.5,100.0,7.709351988216749,6,9
TECH,BUY_STRONG,3,3,1.5,1.5,93.33333333333333,8.293530363212428,15,9
TECH,BUY_MODERATE,3,3,1.5,2.0,100.0,7.788282097855477,7,9
TECH,BUY_STRONG,3,3,1.5,2.0,92.3076923076923,8.618957107687054,13,9
TECH,BUY_MODERATE,3,3,1.5,2.5,90.0,5.611789691207514,10,9
TECH,BUY_STRONG,3,3,1.5,2.5,90.0,7.894215987303504,10,9
NON_TECH,BUY_MODERATE,3,3,1.5,2.5,71.42857142857143,4.272378757947828,21,20
TECH,BUY_STRONG,3,3,1.6,0.5,81.81818181818183,5.904363763183555,22,9
TECH,BUY_MODERATE,3,3,1.6,1.0,100.0,7.531803065371982,5,9
TECH,BUY_STRONG,3,3,1.6,1.0,84.21052631578947,5.847339779138785,19,9
TECH,BUY_MODERATE,3,3,1.6,1.5,100.0,7.531803065371982,5,9
TECH,BUY_STRONG,3,3,1.6,1.5,93.33333333333333,8.293530363212428,15,9
TECH,BUY_MODERATE,3,3,1.6,2.0,100.0,7.653479680424625,6,9
TECH,BUY_STRONG,3,3,1.6,2.0,92.3076923076923,8.618957107687054,13,9
TECH,BUY_MODERATE,3,3,1.6,2.5,88.88888888888889,5.2800889232927295,9,9
TECH,BUY_STRONG,3,3,1.6,2.5,90.0,7.894215987303504,10,9
NON_TECH,BUY_MODERATE,3,3,1.6,2.5,70.58823529411765,3.788764591755277,17,20
TECH,BUY_STRONG,3,3,1.7,0.5,81.25,6.7952612126419965,16,9
TECH,BUY_STRONG,3,3,1.7,1.0,85.71428571428571,7.267800528253625,14,9
TECH,BUY_STRONG,3,3,1.7,1.5,91.66666666666666,8.826616354370694,12,9
TECH,BUY_STRONG,3,3,1.7,2.0,90.0,9.356288320419363,10,9
TECH,BUY_STRONG,3,3,1.7,2.5,87.5,9.365960515025566,8,9
TECH,BUY_MODERATE,3,4,1.2,0.5,80.0,6.809869311525352,5,9
NON_TECH,BUY_MODERATE,3,4,1.2,0.5,90.0,6.051926406906255,10,20
TECH,BUY_MODERATE,3,4,1.2,1.0,77.77777777777779,6.542526128704583,9,9
NON_TECH,BUY_MODERATE,3,4,1.2,1.0,72.22222222222221,3.103199228403742,18,20
TECH,BUY_MODERATE,3,4,1.2,1.5,71.42857142857143,4.754938564415789,14,9
TECH,BUY_MODERATE,3,4,1.2,2.0,72.22222222222221,4.355696151927528,18,9
NON_TECH,BUY_MODERATE,3,4,1.3,0.5,87.5,4.6524343194316815,8,20
TECH,BUY_MODERATE,3,4,1.3,1.0,100.0,10.573475710587688,6,9
TECH,BUY_MODERATE,3,4,1.3,1.5,88.88888888888889,7.832937664261092,9,9
TECH,BUY_MODERATE,3,4,1.3,2.0,90.9090909090909,8.170467249862758,11,9
TECH,BUY_MODERATE,3,4,1.3,2.5,81.25,5.326733726852773,16,9
NON_TECH,BUY_MODERATE,3,4,1.4,0.5,85.71428571428571,4.850639436238672,7,20
TECH,BUY_MODERATE,3,4,1.4,1.0,100.0,10.573475710587688,6,9
TECH,BUY_STRONG,3,4,1.4,1.0,70.96774193548387,5.435543679528975,31,9
NON_TECH,BUY_MODERATE,3,4,1.4,1.0,72.72727272727273,2.8231224561702235,11,20
TECH,BUY_MODERATE,3,4,1.4,1.5,88.88888888888889,7.832937664261092,9,9
TECH,BUY_STRONG,3,4,1.4,1.5,74.07407407407408,6.6206832010945265,27,9
NON_TECH,BUY_MODERATE,3,4,1.4,1.5,75.0,2.7103240601771783,12,20
TECH,BUY_MODERATE,3,4,1.4,2.0,90.0,7.78352251186986,10,9
TECH,BUY_STRONG,3,4,1.4,2.0,75.0,7.371651907847943,24,9
NON_TECH,BUY_MODERATE,3,4,1.4,2.0,71.42857142857143,1.2193275687065945,14,20
TECH,BUY_MODERATE,3,4,1.4,2.5,78.57142857142857,5.08161121484241,14,9
TECH,BUY_STRONG,3,4,1.4,2.5,77.77777777777779,8.854432926511347,18,9
NON_TECH,BUY_MODERATE,3,4,1.4,2.5,73.07692307692307,5.339715492037612,26,20
TECH,BUY_STRONG,3,4,1.5,0.5,81.81818181818183,6.204254262424865,22,9
NON_TECH,BUY_MODERATE,3,4,1.5,0.5,80.0,4.509021587580923,5,20
TECH,BUY_MODERATE,3,4,1.5,1.0,100.0,11.553675294424513,5,9
TECH,BUY_STRONG,3,4,1.5,1.0,84.21052631578947,6.4238234197474045,19,9
NON_TECH,BUY_MODERATE,3,4,1.5,1.0,75.0,3.176042298312387,8,20
TECH,BUY_MODERATE,3,4,1.5,1.5,100.0,11.28321199004787,6,9
TECH,BUY_STRONG,3,4,1.5,1.5,93.33333333333333,8.820615822623642,15,9
NON_TECH,BUY_MODERATE,3,4,1.5,1.5,77.77777777777779,2.9864311211947525,9,20
TECH,BUY_MODERATE,3,4,1.5,2.0,100.0,10.719722582947998,7,9
TECH,BUY_STRONG,3,4,1.5,2.0,92.3076923076923,9.530778095500278,13,9
NON_TECH,BUY_MODERATE,3,4,1.5,2.0,72.72727272727273,1.0385979391380873,11,20
TECH,BUY_MODERATE,3,4,1.5,2.5,90.0,8.488599461677854,10,9
TECH,BUY_STRONG,3,4,1.5,2.5,90.0,9.286371356091664,10,9
NON_TECH,BUY_MODERATE,3,4,1.5,2.5,76.19047619047619,4.308080579955828,21,20
TECH,BUY_STRONG,3,4,1.6,0.5,81.81818181818183,6.204254262424865,22,9
TECH,BUY_MODERATE,3,4,1.6,1.0,100.0,11.553675294424513,5,9
TECH,BUY_STRONG,3,4,1.6,1.0,84.21052631578947,6.4238234197474045,19,9
NON_TECH,BUY_MODERATE,3,4,1.6,1.0,85.71428571428571,3.90833248914517,7,20
TECH,BUY_MODERATE,3,4,1.6,1.5,100.0,11.553675294424513,5,9
TECH,BUY_STRONG,3,4,1.6,1.5,93.33333333333333,8.820615822623642,15,9
NON_TECH,BUY_MODERATE,3,4,1.6,1.5,87.5,3.603483641033733,8,20
TECH,BUY_MODERATE,3,4,1.6,2.0,100.0,10.851193768745224,6,9
TECH,BUY_STRONG,3,4,1.6,2.0,92.3076923076923,9.530778095500278,13,9
NON_TECH,BUY_MODERATE,3,4,1.6,2.0,80.0,1.3374566368036054,10,20
TECH,BUY_MODERATE,3,4,1.6,2.5,88.88888888888889,8.328344349845986,9,9
TECH,BUY_STRONG,3,4,1.6,2.5,90.0,9.286371356091664,10,9
NON_TECH,BUY_MODERATE,3,4,1.6,2.5,82.35294117647058,3.8581178915757266,17,20
TECH,BUY_STRONG,3,4,1.7,0.5,81.25,7.496704992313142,16,9
TECH,BUY_STRONG,3,4,1.7,1.0,85.71428571428571,8.396160407761121,14,9
NON_TECH,BUY_MODERATE,3,4,1.7,1.0,83.33333333333334,1.9692838521243499,6,20
TECH,BUY_STRONG,3,4,1.7,1.5,91.66666666666666,9.442291784818428,12,9
NON_TECH,BUY_MODERATE,3,4,1.7,1.5,85.71428571428571,1.8978921167142535,7,20
TECH,BUY_STRONG,3,4,1.7,2.0,90.0,10.489837931997007,10,9
NON_TECH,BUY_MODERATE,3,4,1.7,2.0,75.0,-0.7896607214027186,8,20
TECH,BUY_STRONG,3,4,1.7,2.5,87.5,10.709556077751767,8,9
NON_TECH,BUY_MODERATE,3,4,1.7,2.5,75.0,2.50795176162412,12,20
TECH,BUY_MODERATE,3,5,1.2,0.5,80.0,7.708714530500082,5,9
TECH,BUY_MODERATE,3,5,1.2,1.0,77.77777777777779,7.224868095374218,9,9
TECH,BUY_MODERATE,3,5,1.2,1.5,71.42857142857143,5.549646059745484,14,9
TECH,BUY_STRONG,3,5,1.2,2.0,71.11111111111111,4.81084835983971,45,9
TECH,BUY_STRONG,3,5,1.2,2.5,71.42857142857143,5.144230154291567,35,9
TECH,BUY_MODERATE,3,5,1.3,1.0,100.0,11.474055233545585,6,9
TECH,BUY_MODERATE,3,5,1.3,1.5,88.88888888888889,9.159668253029615,9,9
TECH,BUY_MODERATE,3,5,1.3,2.0,90.9090909090909,9.397908849401855,11,9
TECH,BUY_MODERATE,3,5,1.3,2.5,81.25,6.553544135065787,16,9
TECH,BUY_MODERATE,3,5,1.4,1.0,100.0,11.474055233545585,6,9
TECH,BUY_MODERATE,3,5,1.4,1.5,88.88888888888889,9.159668253029615,9,9
TECH,BUY_STRONG,3,5,1.4,1.5,70.37037037037037,7.434589324470964,27,9
TECH,BUY_MODERATE,3,5,1.4,2.0,90.0,9.12357064837131,10,9
TECH,BUY_STRONG,3,5,1.4,2.0,75.0,8.266812372771497,24,9
TECH,BUY_MODERATE,3,5,1.4,2.5,78.57142857142857,6.454834137307889,14,9
TECH,BUY_STRONG,3,5,1.4,2.5,77.77777777777779,9.724810796775818,18,9
TECH,BUY_STRONG,3,5,1.5,0.5,81.81818181818183,6.948135329087478,22,9
TECH,BUY_MODERATE,3,5,1.5,1.0,100.0,12.681141649557738,5,9
TECH,BUY_STRONG,3,5,1.5,1.0,84.21052631578947,7.034394713699464,19,9
TECH,BUY_MODERATE,3,5,1.5,1.5,100.0,11.90486757612645,6,9
TECH,BUY_STRONG,3,5,1.5,1.5,93.33333333333333,9.236873639683521,15,9
TECH,BUY_MODERATE,3,5,1.5,2.0,100.0,11.46112823760075,7,9
TECH,BUY_STRONG,3,5,1.5,2.0,100.0,9.872863169186607,13,9
TECH,BUY_MODERATE,3,5,1.5,2.5,90.0,9.572939972022738,10,9
TECH,BUY_STRONG,3,5,1.5,2.5,100.0,9.154788154781038,10,9
TECH,BUY_STRONG,3,5,1.6,0.5,81.81818181818183,6.948135329087478,22,9
TECH,BUY_MODERATE,3,5,1.6,1.0,100.0,12.681141649557738,5,9
TECH,BUY_STRONG,3,5,1.6,1.0,84.21052631578947,7.034394713699464,19,9
NON_TECH,BUY_MODERATE,3,5,1.6,1.0,71.42857142857143,4.272766768459347,7,20
TECH,BUY_MODERATE,3,5,1.6,1.5,100.0,12.681141649557738,5,9
TECH,BUY_STRONG,3,5,1.6,1.5,93.33333333333333,9.236873639683521,15,9
NON_TECH,BUY_MODERATE,3,5,1.6,1.5,75.0,4.190178469009349,8,20
TECH,BUY_MODERATE,3,5,1.6,2.0,100.0,12.03406674237254,6,9
TECH,BUY_STRONG,3,5,1.6,2.0,100.0,9.872863169186607,13,9
NON_TECH,BUY_MODERATE,3,5,1.6,2.0,70.0,2.517766815265122,10,20
TECH,BUY_MODERATE,3,5,1.6,2.5,88.88888888888889,9.745100279028597,9,9
TECH,BUY_STRONG,3,5,1.6,2.5,100.0,9.154788154781038,10,9
NON_TECH,BUY_MODERATE,3,5,1.6,2.5,70.58823529411765,5.331021420581819,17,20
TECH,BUY_STRONG,3,5,1.7,0.5,81.25,8.426181584150399,16,9
TECH,BUY_STRONG,3,5,1.7,1.0,85.71428571428571,9.125337037605645,14,9
TECH,BUY_STRONG,3,5,1.7,1.5,91.66666666666666,9.88604419350434,12,9
NON_TECH,BUY_MODERATE,3,5,1.7,1.5,71.42857142857143,2.681390632177956,7,20
TECH,BUY_STRONG,3,5,1.7,2.0,100.0,10.842664692622517,10,9
TECH,BUY_STRONG,3,5,1.7,2.5,100.0,10.695197046692854,8,9
TECH,BUY_MODERATE,3,6,1.2,0.5,80.0,7.616903453492041,5,9
TECH,BUY_MODERATE,3,6,1.2,1.0,77.77777777777779,7.414661041287788,9,9
TECH,BUY_MODERATE,3,6,1.3,1.0,100.0,11.425800127594563,6,9
TECH,BUY_MODERATE,3,6,1.3,1.5,88.88888888888889,8.901935242905239,9,9
TECH,BUY_MODERATE,3,6,1.3,2.0,90.9090909090909,9.072466044198018,11,9
TECH,BUY_MODERATE,3,6,1.3,2.5,81.25,6.337386873286387,16,9
TECH,BUY_MODERATE,3,6,1.4,1.0,100.0,11.425800127594563,6,9
TECH,BUY_STRONG,3,6,1.4,1.0,74.19354838709677,6.332522283702421,31,9
TECH,BUY_MODERATE,3,6,1.4,1.5,88.88888888888889,8.901935242905239,9,9
TECH,BUY_STRONG,3,6,1.4,1.5,77.77777777777779,7.419122946432556,27,9
TECH,BUY_MODERATE,3,6,1.4,2.0,90.0,8.914523330293244,10,9
TECH,BUY_STRONG,3,6,1.4,2.0,75.0,7.978398326261868,24,9
TECH,BUY_MODERATE,3,6,1.4,2.5,78.57142857142857,6.392960238142363,14,9
TECH,BUY_STRONG,3,6,1.4,2.5,77.77777777777779,10.087281206192573,18,9
NON_TECH,BUY_MODERATE,3,6,1.4,2.5,73.07692307692307,7.304689088334962,26,20
TECH,BUY_STRONG,3,6,1.5,0.5,86.36363636363636,6.263897563412675,22,9
TECH,BUY_MODERATE,3,6,1.5,1.0,100.0,12.287443355956734,5,9
TECH,BUY_STRONG,3,6,1.5,1.0,89.47368421052632,6.500600194978659,19,9
TECH,BUY_MODERATE,3,6,1.5,1.5,100.0,11.233547028306669,6,9
TECH,BUY_STRONG,3,6,1.5,1.5,100.0,8.501302164233236,15,9
TECH,BUY_MODERATE,3,6,1.5,2.0,100.0,10.918442612375042,7,9
TECH,BUY_STRONG,3,6,1.5,2.0,100.0,9.209914798874372,13,9
TECH,BUY_MODERATE,3,6,1.5,2.5,90.0,9.000338919998635,10,9
TECH,BUY_STRONG,3,6,1.5,2.5,100.0,9.144734084287578,10,9
NON_TECH,BUY_MODERATE,3,6,1.5,2.5,71.42857142857143,5.210044829893327,21,20
TECH,BUY_STRONG,3,6,1.6,0.5,86.36363636363636,6.263897563412675,22,9
TECH,BUY_MODERATE,3,6,1.6,1.0,100.0,12.287443355956734,5,9
TECH,BUY_STRONG,3,6,1.6,1.0,89.47368421052632,6.500600194978659,19,9
NON_TECH,BUY_MODERATE,3,6,1.6,1.0,71.42857142857143,3.7273414552823323,7,20
TECH,BUY_MODERATE,3,6,1.6,1.5,100.0,12.287443355956734,5,9
TECH,BUY_STRONG,3,6,1.6,1.5,100.0,8.501302164233236,15,9
NON_TECH,BUY_MODERATE,3,6,1.6,1.5,75.0,3.774468836650627,8,20
TECH,BUY_MODERATE,3,6,1.6,2.0,100.0,11.744172149428158,6,9
TECH,BUY_STRONG,3,6,1.6,2.0,100.0,9.209914798874372,13,9
NON_TECH,BUY_MODERATE,3,6,1.6,2.0,70.0,1.9530837994390278,10,20
TECH,BUY_MODERATE,3,6,1.6,2.5,88.88888888888889,9.337702645547777,9,9
TECH,BUY_STRONG,3,6,1.6,2.5,100.0,9.144734084287578,10,9
NON_TECH,BUY_MODERATE,3,6,1.6,2.5,76.47058823529412,4.7114034164357514,17,20
TECH,BUY_STRONG,3,6,1.7,0.5,87.5,7.42778150308634,16,9
TECH,BUY_STRONG,3,6,1.7,1.0,92.85714285714286,8.228718181581632,14,9
TECH,BUY_STRONG,3,6,1.7,1.5,100.0,8.936412989507483,12,9
NON_TECH,BUY_MODERATE,3,6,1.7,1.5,71.42857142857143,2.230856329564278,7,20
TECH,BUY_STRONG,3,6,1.7,2.0,100.0,9.94463157959581,10,9
TECH,BUY_STRONG,3,6,1.7,2.5,100.0,10.342017394484248,8,9
TECH,BUY_STRONG,3,7,1.2,0.5,70.58823529411765,3.718486846247479,68,9
TECH,BUY_MODERATE,3,7,1.2,0.5,80.0,8.010731811814866,5,9
TECH,BUY_MODERATE,3,7,1.2,1.0,77.77777777777779,7.445175279923597,9,9
TECH,BUY_STRONG,3,7,1.2,1.0,73.68421052631578,4.449207046214071,57,9
TECH,BUY_MODERATE,3,7,1.2,1.5,71.42857142857143,5.578638612749237,14,9
TECH,BUY_STRONG,3,7,1.2,1.5,75.0,5.031046834761087,52,9
TECH,BUY_MODERATE,3,7,1.2,2.0,72.22222222222221,4.311349388897861,18,9
TECH,BUY_STRONG,3,7,1.2,2.0,77.77777777777779,5.124325299494128,45,9
TECH,BUY_STRONG,3,7,1.2,2.5,77.14285714285715,5.657972351324754,35,9
TECH,BUY_STRONG,3,7,1.3,0.5,70.0,4.514635760353982,50,9
TECH,BUY_MODERATE,3,7,1.3,1.0,100.0,11.54974998390462,6,9
TECH,BUY_STRONG,3,7,1.3,1.0,72.09302325581395,5.321831721541792,43,9
TECH,BUY_MODERATE,3,7,1.3,1.5,88.88888888888889,9.163583651831404,9,9
TECH,BUY_STRONG,3,7,1.3,1.5,74.35897435897436,6.100152354404577,39,9
TECH,BUY_MODERATE,3,7,1.3,2.0,90.9090909090909,8.723732511712667,11,9
TECH,BUY_STRONG,3,7,1.3,2.0,74.28571428571429,5.562333683598099,35,9
TECH,BUY_MODERATE,3,7,1.3,2.5,81.25,5.731154867830252,16,9
TECH,BUY_STRONG,3,7,1.3,2.5,72.0,6.484642909802562,25,9
TECH,BUY_STRONG,3,7,1.4,0.5,72.22222222222221,5.4038895910230496,36,9
TECH,BUY_MODERATE,3,7,1.4,1.0,100.0,11.54974998390462,6,9
TECH,BUY_STRONG,3,7,1.4,1.0,74.19354838709677,6.3155663493154615,31,9
TECH,BUY_MODERATE,3,7,1.4,1.5,88.88888888888889,9.163583651831404,9,9
TECH,BUY_STRONG,3,7,1.4,1.5,77.77777777777779,7.587027208305955,27,9
TECH,BUY_MODERATE,3,7,1.4,2.0,90.0,8.982413094443817,10,9
TECH,BUY_STRONG,3,7,1.4,2.0,79.16666666666666,8.199295971621675,24,9
TECH,BUY_MODERATE,3,7,1.4,2.5,78.57142857142857,6.036730489394477,14,9
TECH,BUY_STRONG,3,7,1.4,2.5,83.33333333333334,9.95365554025523,18,9
NON_TECH,BUY_MODERATE,3,7,1.4,2.5,72.0,8.428032132949157,25,20
TECH,BUY_STRONG,3,7,1.5,0.5,86.36363636363636,5.233347740371489,22,9
TECH,BUY_MODERATE,3,7,1.5,1.0,100.0,12.329449434431524,5,9
TECH,BUY_STRONG,3,7,1.5,1.0,89.47368421052632,5.5580754284832325,19,9
TECH,BUY_MODERATE,3,7,1.5,1.5,100.0,11.018609977312826,6,9
TECH,BUY_STRONG,3,7,1.5,1.5,100.0,7.644707395777526,15,9
TECH,BUY_MODERATE,3,7,1.5,2.0,100.0,10.4947911345475,7,9
TECH,BUY_STRONG,3,7,1.5,2.0,100.0,7.992167833033158,13,9
TECH,BUY_MODERATE,3,7,1.5,2.5,90.0,8.57027048845857,10,9
TECH,BUY_STRONG,3,7,1.5,2.5,100.0,8.071522241080684,10,9
NON_TECH,BUY_MODERATE,3,7,1.5,2.5,75.0,6.622821504229103,20,20
TECH,BUY_STRONG,3,7,1.6,0.5,86.36363636363636,5.233347740371489,22,9
TECH,BUY_MODERATE,3,7,1.6,1.0,100.0,12.329449434431524,5,9
TECH,BUY_STRONG,3,7,1.6,1.0,89.47368421052632,5.5580754284832325,19,9
NON_TECH,BUY_MODERATE,3,7,1.6,1.0,71.42857142857143,3.5373025106197518,7,20
TECH,BUY_MODERATE,3,7,1.6,1.5,100.0,12.329449434431524,5,9
TECH,BUY_STRONG,3,7,1.6,1.5,100.0,7.644707395777526,15,9
NON_TECH,BUY_MODERATE,3,7,1.6,1.5,75.0,3.536968529920613,8,20
TECH,BUY_MODERATE,3,7,1.6,2.0,100.0,11.499854208352192,6,9
TECH,BUY_STRONG,3,7,1.6,2.0,100.0,7.992167833033158,13,9
NON_TECH,BUY_MODERATE,3,7,1.6,2.0,70.0,2.9948489169819714,10,20
TECH,BUY_MODERATE,3,7,1.6,2.5,88.88888888888889,9.026476910318486,9,9
TECH,BUY_STRONG,3,7,1.6,2.5,100.0,8.071522241080684,10,9
NON_TECH,BUY_MODERATE,3,7,1.6,2.5,81.25,6.330513015664632,16,20
TECH,BUY_STRONG,3,7,1.7,0.5,87.5,6.634684515552975,16,9
TECH,BUY_STRONG,3,7,1.7,1.0,92.85714285714286,7.340118699018388,14,9
TECH,BUY_STRONG,3,7,1.7,1.5,100.0,7.943924407952534,12,9
NON_TECH,BUY_MODERATE,3,7,1.7,1.5,71.42857142857143,2.165752488340257,7,20
TECH,BUY_STRONG,3,7,1.7,2.0,100.0,8.455466378819855,10,9
TECH,BUY_STRONG,3,7,1.7,2.5,100.0,8.96838133896911,8,9
NON_TECH,BUY_MODERATE,3,7,1.7,2.5,72.72727272727273,5.70100745585662,11,20
TECH,BUY_STRONG,4,1,1.2,0.5,72.97297297297297,1.0742893378361635,74,9
TECH,BUY_STRONG,4,1,1.2,1.0,71.83098591549296,1.07164080355654,71,9
TECH,BUY_STRONG,4,1,1.2,1.5,71.1864406779661,0.9898520910966414,59,9
TECH,BUY_STRONG,4,1,1.2,2.0,72.91666666666666,0.9390158634766363,48,9
TECH,BUY_MODERATE,4,1,1.2,2.5,70.0,0.5368038603028792,10,9
TECH,BUY_STRONG,4,1,1.2,2.5,70.73170731707317,0.9508529620795063,41,9
TECH,BUY_STRONG,4,1,1.3,0.5,75.92592592592592,1.5036590441008721,54,9
TECH,BUY_STRONG,4,1,1.3,1.0,74.50980392156863,1.525228910472261,51,9
TECH,BUY_STRONG,4,1,1.3,1.5,74.4186046511628,1.4114511900525002,43,9
TECH,BUY_STRONG,4,1,1.3,2.0,73.52941176470588,1.2475493853111692,34,9
TECH,BUY_MODERATE,4,1,1.3,2.0,83.33333333333334,1.238770335495847,6,9
TECH,BUY_MODERATE,4,1,1.3,2.5,85.71428571428571,1.2219379141807216,7,9
TECH,BUY_STRONG,4,1,1.3,2.5,72.41379310344827,1.3332608149253584,29,9
TECH,BUY_STRONG,4,1,1.4,0.5,79.54545454545455,1.7455362479848873,44,9
TECH,BUY_STRONG,4,1,1.4,1.0,78.04878048780488,1.7900653893652023,41,9
TECH,BUY_STRONG,4,1,1.4,1.5,76.47058823529412,1.6252514961190494,34,9
TECH,BUY_STRONG,4,1,1.4,2.0,76.92307692307693,1.5299225704867216,26,9
TECH,BUY_MODERATE,4,1,1.4,2.0,80.0,1.386882733014938,5,9
TECH,BUY_MODERATE,4,1,1.4,2.5,83.33333333333334,1.3425595085607769,6,9
TECH,BUY_STRONG,4,1,1.4,2.5,72.72727272727273,1.5026058004558023,22,9
TECH,BUY_STRONG,4,1,1.5,0.5,81.81818181818183,1.9515129847384645,33,9
TECH,BUY_STRONG,4,1,1.5,1.0,80.0,2.032967151633586,30,9
TECH,BUY_STRONG,4,1,1.5,1.5,79.16666666666666,1.8236680833509264,24,9
TECH,BUY_STRONG,4,1,1.5,2.0,76.19047619047619,1.6138322082348355,21,9
TECH,BUY_MODERATE,4,1,1.5,2.5,80.0,0.8988283936682784,5,9
TECH,BUY_STRONG,4,1,1.5,2.5,70.58823529411765,1.5982245382532012,17,9
TECH,BUY_STRONG,4,1,1.6,0.5,82.6086956521739,2.1988188442837684,23,9
TECH,BUY_STRONG,4,1,1.6,1.0,80.0,2.358095973558245,20,9
TECH,BUY_STRONG,4,1,1.6,1.5,80.0,2.0779722218551595,15,9
TECH,BUY_STRONG,4,1,1.6,2.0,78.57142857142857,2.131028120058239,14,9
TECH,BUY_STRONG,4,1,1.6,2.5,72.72727272727273,2.1413138735032398,11,9
TECH,BUY_STRONG,4,1,1.7,0.5,87.5,3.131342992021423,16,9
TECH,BUY_STRONG,4,1,1.7,1.0,84.61538461538461,3.5915826096139227,13,9
TECH,BUY_STRONG,4,1,1.7,1.5,80.0,2.586163932611125,10,9
TECH,BUY_STRONG,4,1,1.7,2.0,80.0,2.586163932611125,10,9
TECH,BUY_STRONG,4,1,1.7,2.5,75.0,2.6571686278942734,8,9
TECH,BUY_MODERATE,4,2,1.2,2.5,70.0,1.7796072074768734,10,9
TECH,BUY_STRONG,4,2,1.3,0.5,73.07692307692307,2.8539102056288046,52,9
TECH,BUY_STRONG,4,2,1.3,1.0,71.42857142857143,2.890616044697684,49,9
TECH,BUY_STRONG,4,2,1.3,1.5,73.17073170731707,3.046294786101304,41,9
TECH,BUY_MODERATE,4,2,1.3,2.0,83.33333333333334,2.1083923900813297,6,9
TECH,BUY_MODERATE,4,2,1.3,2.5,85.71428571428571,2.709006371016173,7,9
TECH,BUY_STRONG,4,2,1.4,0.5,78.57142857142857,2.898457735351041,42,9
TECH,BUY_STRONG,4,2,1.4,1.0,76.92307692307693,2.948002061082881,39,9
TECH,BUY_STRONG,4,2,1.4,1.5,78.125,3.004179724861467,32,9
TECH,BUY_STRONG,4,2,1.4,2.0,75.0,2.9912956520245415,24,9
TECH,BUY_MODERATE,4,2,1.4,2.0,100.0,2.737192017877764,5,9
TECH,BUY_MODERATE,4,2,1.4,2.5,100.0,3.3331083910023414,6,9
TECH,BUY_STRONG,4,2,1.4,2.5,71.42857142857143,2.965500924997253,21,9
TECH,BUY_STRONG,4,2,1.5,0.5,87.09677419354838,3.52312683958843,31,9
TECH,BUY_STRONG,4,2,1.5,1.0,85.71428571428571,3.6590638401689275,28,9
TECH,BUY_STRONG,4,2,1.5,1.5,86.36363636363636,3.7149818520063675,22,9
TECH,BUY_STRONG,4,2,1.5,2.0,84.21052631578947,3.5020072444074013,19,9
TECH,BUY_MODERATE,4,2,1.5,2.5,100.0,3.2110567754837014,5,9
TECH,BUY_STRONG,4,2,1.5,2.5,81.25,3.56391008875587,16,9
TECH,BUY_STRONG,4,2,1.6,0.5,85.71428571428571,4.491336261804193,21,9
TECH,BUY_STRONG,4,2,1.6,1.0,83.33333333333334,4.864162055298706,18,9
TECH,BUY_STRONG,4,2,1.6,1.5,84.61538461538461,5.205182660381256,13,9
TECH,BUY_STRONG,4,2,1.6,2.0,83.33333333333334,5.43302290263431,12,9
TECH,BUY_STRONG,4,2,1.6,2.5,80.0,5.717832711479981,10,9
TECH,BUY_STRONG,4,2,1.7,0.5,92.85714285714286,6.031892769406289,14,9
TECH,BUY_STRONG,4,2,1.7,1.0,90.9090909090909,7.0621231153797,11,9
TECH,BUY_STRONG,4,2,1.7,1.5,87.5,6.624642830893421,8,9
TECH,BUY_STRONG,4,2,1.7,2.0,87.5,6.624642830893421,8,9
TECH,BUY_STRONG,4,2,1.7,2.5,85.71428571428571,7.082635537469586,7,9
TECH,BUY_STRONG,4,3,1.3,0.5,73.46938775510205,4.145878213467952,49,9
TECH,BUY_STRONG,4,3,1.3,1.0,72.3404255319149,4.100534340043002,47,9
TECH,BUY_STRONG,4,3,1.3,1.5,71.7948717948718,4.157360631378931,39,9
TECH,BUY_STRONG,4,3,1.3,2.0,70.0,4.550448462936612,30,9
TECH,BUY_MODERATE,4,3,1.3,2.0,80.0,3.3854731876946906,5,9
TECH,BUY_MODERATE,4,3,1.3,2.5,83.33333333333334,4.584584336043626,6,9
TECH,BUY_STRONG,4,3,1.4,0.5,77.5,3.7227680988867027,40,9
TECH,BUY_STRONG,4,3,1.4,1.0,76.31578947368422,3.6444159336199893,38,9
TECH,BUY_STRONG,4,3,1.4,1.5,77.41935483870968,3.5208368048309877,31,9
TECH,BUY_STRONG,4,3,1.4,2.0,78.26086956521739,3.714007350065883,23,9
TECH,BUY_MODERATE,4,3,1.4,2.5,100.0,5.980677064640636,5,9
TECH,BUY_STRONG,4,3,1.4,2.5,75.0,3.8373624229733965,20,9
TECH,BUY_STRONG,4,3,1.5,0.5,86.20689655172413,4.86535993343504,29,9
TECH,BUY_STRONG,4,3,1.5,1.0,85.18518518518519,4.839722947841024,27,9
TECH,BUY_STRONG,4,3,1.5,1.5,85.71428571428571,4.804472765472375,21,9
TECH,BUY_STRONG,4,3,1.5,2.0,83.33333333333334,4.502910496284731,18,9
TECH,BUY_STRONG,4,3,1.5,2.5,80.0,4.825164556071851,15,9
TECH,BUY_STRONG,4,3,1.6,0.5,84.21052631578947,6.470588798188025,19,9
TECH,BUY_STRONG,4,3,1.6,1.0,82.35294117647058,6.6187216875096455,17,9
TECH,BUY_STRONG,4,3,1.6,1.5,83.33333333333334,7.038315392279259,12,9
TECH,BUY_STRONG,4,3,1.6,2.0,81.81818181818183,6.975238037905402,11,9
TECH,BUY_STRONG,4,3,1.6,2.5,77.77777777777779,7.69358113651965,9,9
TECH,BUY_STRONG,4,3,1.7,0.5,91.66666666666666,9.329544313953484,12,9
TECH,BUY_STRONG,4,3,1.7,1.0,90.0,10.153161328953331,10,9
TECH,BUY_STRONG,4,3,1.7,1.5,85.71428571428571,8.932015869088023,7,9
TECH,BUY_STRONG,4,3,1.7,2.0,85.71428571428571,8.932015869088023,7,9
TECH,BUY_STRONG,4,3,1.7,2.5,83.33333333333334,9.71507065147985,6,9
TECH,BUY_STRONG,4,4,1.3,1.5,71.7948717948718,4.732948850887547,39,9
TECH,BUY_STRONG,4,4,1.3,2.0,70.0,5.063757695929343,30,9
TECH,BUY_MODERATE,4,4,1.3,2.5,80.0,7.29362810620812,5,9
TECH,BUY_STRONG,4,4,1.4,0.5,70.0,3.8174151629297164,40,9
TECH,BUY_STRONG,4,4,1.4,1.5,74.19354838709677,3.8709787844197256,31,9
TECH,BUY_STRONG,4,4,1.4,2.0,73.91304347826086,3.9342253513600975,23,9
TECH,BUY_STRONG,4,4,1.4,2.5,70.0,3.982271598562373,20,9
TECH,BUY_STRONG,4,4,1.5,0.5,75.86206896551724,4.943193643399595,29,9
TECH,BUY_STRONG,4,4,1.5,1.0,74.07407407407408,4.757236776664614,27,9
TECH,BUY_STRONG,4,4,1.5,1.5,80.95238095238095,5.074619938450533,21,9
TECH,BUY_STRONG,4,4,1.5,2.0,77.77777777777779,4.630741684561956,18,9
TECH,BUY_STRONG,4,4,1.5,2.5,73.33333333333333,4.834106614138694,15,9
TECH,BUY_STRONG,4,4,1.6,0.5,78.94736842105263,7.006387830616394,19,9
TECH,BUY_STRONG,4,4,1.6,1.0,76.47058823529412,6.953773299592223,17,9
TECH,BUY_STRONG,4,4,1.6,1.5,83.33333333333334,7.791077907262817,12,9
TECH,BUY_STRONG,4,4,1.6,2.0,81.81818181818183,7.403303657035949,11,9
TECH,BUY_STRONG,4,4,1.6,2.5,77.77777777777779,8.009339383037066,9,9
TECH,BUY_STRONG,4,4,1.7,0.5,91.66666666666666,10.138574162546746,12,9
TECH,BUY_STRONG,4,4,1.7,1.0,90.0,10.675566726191729,10,9
TECH,BUY_STRONG,4,4,1.7,1.5,85.71428571428571,9.236025653121828,7,9
TECH,BUY_STRONG,4,4,1.7,2.0,85.71428571428571,9.236025653121828,7,9
TECH,BUY_STRONG,4,4,1.7,2.5,83.33333333333334,9.720516229919944,6,9
TECH,BUY_MODERATE,4,5,1.3,2.5,80.0,8.357221624461896,5,9
TECH,BUY_STRONG,4,5,1.5,0.5,72.41379310344827,5.669475833121992,29,9
TECH,BUY_STRONG,4,5,1.5,1.0,70.37037037037037,5.397509611672279,27,9
TECH,BUY_STRONG,4,5,1.5,1.5,71.42857142857143,5.984515736464654,21,9
TECH,BUY_STRONG,4,5,1.5,2.0,72.22222222222221,5.542409397890535,18,9
TECH,BUY_STRONG,4,5,1.6,0.5,84.21052631578947,7.574655675012064,19,9
TECH,BUY_STRONG,4,5,1.6,1.0,82.35294117647058,7.366848128226059,17,9
TECH,BUY_STRONG,4,5,1.6,1.5,83.33333333333334,8.43864513137973,12,9
TECH,BUY_STRONG,4,5,1.6,2.0,81.81818181818183,7.633273899548692,11,9
TECH,BUY_STRONG,4,5,1.6,2.5,77.77777777777779,7.902480974631723,9,9
TECH,BUY_STRONG,4,5,1.7,0.5,91.66666666666666,10.164847734234636,12,9
TECH,BUY_STRONG,4,5,1.7,1.0,90.0,10.329613316542941,10,9
TECH,BUY_STRONG,4,5,1.7,1.5,85.71428571428571,9.056787190869608,7,9
TECH,BUY_STRONG,4,5,1.7,2.0,85.71428571428571,9.056787190869608,7,9
TECH,BUY_STRONG,4,5,1.7,2.5,83.33333333333334,9.20292141584121,6,9
TECH,BUY_STRONG,4,6,1.2,0.5,72.05882352941177,4.255425357892704,68,9
TECH,BUY_STRONG,4,6,1.2,1.0,71.21212121212122,4.101133651525487,66,9
TECH,BUY_STRONG,4,6,1.2,1.5,70.37037037037037,4.475408926221551,54,9
TECH,BUY_STRONG,4,6,1.2,2.0,70.45454545454545,4.879156424521933,44,9
TECH,BUY_MODERATE,4,6,1.2,2.0,71.42857142857143,4.330595195690391,7,9
TECH,BUY_MODERATE,4,6,1.2,2.5,75.0,5.690696765368528,8,9
TECH,BUY_STRONG,4,6,1.3,0.5,75.51020408163265,5.202835072711665,49,9
TECH,BUY_STRONG,4,6,1.3,1.0,74.46808510638297,5.026485430358507,47,9
TECH,BUY_STRONG,4,6,1.3,1.5,74.35897435897436,5.377624281911106,39,9
TECH,BUY_STRONG,4,6,1.3,2.0,73.33333333333333,6.001697972770972,30,9
TECH,BUY_MODERATE,4,6,1.3,2.5,100.0,9.411735504499486,5,9
TECH,BUY_STRONG,4,6,1.4,0.5,77.5,4.430560812176577,40,9
TECH,BUY_STRONG,4,6,1.4,1.0,76.31578947368422,4.171798135553719,38,9
NON_TECH,BUY_STRONG,4,6,1.4,1.0,72.28915662650603,4.379959767802151,83,20
TECH,BUY_STRONG,4,6,1.4,1.5,77.41935483870968,4.356118127813575,31,9
NON_TECH,BUY_STRONG,4,6,1.4,1.5,72.72727272727273,4.503189640942382,77,20
TECH,BUY_STRONG,4,6,1.4,2.0,78.26086956521739,4.789256051482012,23,9
NON_TECH,BUY_STRONG,4,6,1.4,2.0,70.4225352112676,4.356664162118495,71,20
TECH,BUY_STRONG,4,6,1.4,2.5,75.0,4.868745760136827,20,9
TECH,BUY_STRONG,4,6,1.5,0.5,82.75862068965517,5.700294130335697,29,9
TECH,BUY_STRONG,4,6,1.5,1.0,81.48148148148148,5.430163942359758,27,9
TECH,BUY_STRONG,4,6,1.5,1.5,85.71428571428571,5.865022018897885,21,9
NON_TECH,BUY_STRONG,4,6,1.5,1.5,70.49180327868852,4.396128829844302,61,20
TECH,BUY_STRONG,4,6,1.5,2.0,83.33333333333334,5.614390405049572,18,9
TECH,BUY_STRONG,4,6,1.5,2.5,80.0,5.885403553969502,15,9
TECH,BUY_STRONG,4,6,1.6,0.5,84.21052631578947,6.972809915729276,19,9
TECH,BUY_STRONG,4,6,1.6,1.0,82.35294117647058,6.693487356637323,17,9
TECH,BUY_STRONG,4,6,1.6,1.5,83.33333333333334,7.351984229955466,12,9
NON_TECH,BUY_STRONG,4,6,1.6,1.5,70.2127659574468,4.698662108107365,47,20
TECH,BUY_STRONG,4,6,1.6,2.0,81.81818181818183,6.695117514561744,11,9
TECH,BUY_STRONG,4,6,1.6,2.5,77.77777777777779,6.785364004280893,9,9
TECH,BUY_STRONG,4,6,1.7,0.5,91.66666666666666,9.724365163878554,12,9
TECH,BUY_STRONG,4,6,1.7,1.0,90.0,9.79982786305209,10,9
TECH,BUY_STRONG,4,6,1.7,1.5,85.71428571428571,8.603858095167263,7,9
TECH,BUY_STRONG,4,6,1.7,2.0,85.71428571428571,8.603858095167263,7,9
TECH,BUY_STRONG,4,6,1.7,2.5,83.33333333333334,8.80568927147032,6,9
TECH,BUY_STRONG,4,7,1.2,0.5,77.94117647058823,4.4052740796848155,68,9
NON_TECH,BUY_MODERATE,4,7,1.2,0.5,71.42857142857143,5.843709554571453,7,20
TECH,BUY_STRONG,4,7,1.2,1.0,77.27272727272727,4.259877668323062,66,9
TECH,BUY_STRONG,4,7,1.2,1.5,77.77777777777779,4.800529105881567,54,9
TECH,BUY_STRONG,4,7,1.2,2.0,77.27272727272727,5.165193967507301,44,9
TECH,BUY_MODERATE,4,7,1.2,2.0,71.42857142857143,3.9082289989244146,7,9
TECH,BUY_MODERATE,4,7,1.2,2.5,75.0,5.022453730354895,8,9
TECH,BUY_STRONG,4,7,1.2,2.5,73.68421052631578,5.318587930267311,38,9
TECH,BUY_STRONG,4,7,1.3,0.5,71.42857142857143,4.8518517844151,49,9
TECH,BUY_STRONG,4,7,1.3,1.0,70.2127659574468,4.666681406959459,47,9
TECH,BUY_STRONG,4,7,1.3,1.5,71.7948717948718,5.277613927611251,39,9
TECH,BUY_STRONG,4,7,1.3,2.0,70.0,5.7976862409660015,30,9
TECH,BUY_MODERATE,4,7,1.3,2.5,100.0,8.662045654173031,5,9
TECH,BUY_STRONG,4,7,1.4,0.5,72.5,4.0556634670524065,40,9
TECH,BUY_STRONG,4,7,1.4,1.0,71.05263157894737,3.784732299285552,38,9
TECH,BUY_STRONG,4,7,1.4,1.5,74.19354838709677,4.439775300180353,31,9
TECH,BUY_STRONG,4,7,1.4,2.0,73.91304347826086,4.770043144224377,23,9
TECH,BUY_STRONG,4,7,1.4,2.5,70.0,4.909408222648806,20,9
TECH,BUY_STRONG,4,7,1.5,0.5,82.75862068965517,5.201460370097178,29,9
TECH,BUY_STRONG,4,7,1.5,1.0,81.48148148148148,4.90502368235455,27,9
TECH,BUY_STRONG,4,7,1.5,1.5,85.71428571428571,5.887071407979994,21,9
TECH,BUY_STRONG,4,7,1.5,2.0,83.33333333333334,5.519612220325801,18,9
TECH,BUY_STRONG,4,7,1.5,2.5,80.0,5.855346140111991,15,9
TECH,BUY_STRONG,4,7,1.6,0.5,84.21052631578947,6.162587523597791,19,9
TECH,BUY_STRONG,4,7,1.6,1.0,82.35294117647058,5.804850096418395,17,9
TECH,BUY_STRONG,4,7,1.6,1.5,83.33333333333334,7.100901599641094,12,9
TECH,BUY_STRONG,4,7,1.6,2.0,81.81818181818183,6.223738241280109,11,9
TECH,BUY_STRONG,4,7,1.6,2.5,77.77777777777779,6.524391985468428,9,9
TECH,BUY_STRONG,4,7,1.7,0.5,91.66666666666666,8.434955109071904,12,9
TECH,BUY_STRONG,4,7,1.7,1.0,90.0,8.281274999961752,10,9
TECH,BUY_STRONG,4,7,1.7,1.5,85.71428571428571,7.752269985360804,7,9
TECH,BUY_STRONG,4,7,1.7,2.0,85.71428571428571,7.752269985360804,7,9
TECH,BUY_STRONG,4,7,1.7,2.5,83.33333333333334,8.017349346187059,6,9
NON_TECH,BUY_MODERATE,5,1,1.2,1.0,81.81818181818183,1.9829761980331482,11,20
TECH,BUY_MODERATE,5,1,1.2,2.0,80.0,2.0221266471086263,5,9
TECH,BUY_MODERATE,5,1,1.2,2.5,83.33333333333334,1.889879606798492,6,9
NON_TECH,BUY_MODERATE,5,1,1.3,1.0,77.77777777777779,1.774958651364097,9,20
TECH,BUY_MODERATE,5,1,1.3,2.0,80.0,2.0221266471086263,5,9
TECH,BUY_MODERATE,5,1,1.3,2.5,83.33333333333334,1.889879606798492,6,9
NON_TECH,BUY_MODERATE,5,1,1.4,1.0,85.71428571428571,2.5347834966304026,7,20
NON_TECH,BUY_MODERATE,5,1,1.5,1.0,85.71428571428571,2.5347834966304026,7,20
NON_TECH,BUY_MODERATE,5,1,1.6,1.0,83.33333333333334,2.763598337112567,6,20
NON_TECH,BUY_MODERATE,5,1,1.6,1.5,71.42857142857143,2.0050881264858,7,20
NON_TECH,BUY_MODERATE,5,1,1.6,2.0,71.42857142857143,2.0050881264858,7,20
NON_TECH,BUY_MODERATE,5,1,1.6,2.5,71.42857142857143,2.0050881264858,7,20
NON_TECH,BUY_MODERATE,5,1,1.7,1.0,83.33333333333334,2.763598337112567,6,20
NON_TECH,BUY_MODERATE,5,1,1.7,1.5,71.42857142857143,2.0050881264858,7,20
NON_TECH,BUY_MODERATE,5,1,1.7,2.0,71.42857142857143,2.0050881264858,7,20
NON_TECH,BUY_MODERATE,5,1,1.7,2.5,71.42857142857143,2.0050881264858,7,20
NON_TECH,BUY_MODERATE,5,2,1.2,1.0,72.72727272727273,1.7936655624866922,11,20
TECH,BUY_STRONG,5,2,1.2,2.5,70.17543859649122,2.330815141700629,57,9
TECH,BUY_MODERATE,5,2,1.2,2.5,80.0,1.804331703896549,5,9
TECH,BUY_STRONG,5,2,1.3,0.5,70.58823529411765,2.6691115615233776,51,9
TECH,BUY_STRONG,5,2,1.3,1.0,71.42857142857143,2.7670558428545022,49,9
NON_TECH,BUY_MODERATE,5,2,1.3,1.0,77.77777777777779,2.1901199526799875,9,20
TECH,BUY_STRONG,5,2,1.3,1.5,72.3404255319149,2.934990801299996,47,9
NON_TECH,BUY_MODERATE,5,2,1.3,1.5,75.0,1.8514837544480185,12,20
TECH,BUY_STRONG,5,2,1.3,2.0,73.33333333333333,3.1732614567737665,45,9
NON_TECH,BUY_MODERATE,5,2,1.3,2.0,73.33333333333333,2.657928652154885,15,20
TECH,BUY_STRONG,5,2,1.3,2.5,75.0,3.1192030374491972,40,9
TECH,BUY_MODERATE,5,2,1.3,2.5,80.0,1.804331703896549,5,9
NON_TECH,BUY_MODERATE,5,2,1.3,2.5,73.33333333333333,2.657928652154885,15,20
TECH,BUY_STRONG,5,2,1.4,0.5,77.14285714285715,3.191408521313811,35,9
TECH,BUY_STRONG,5,2,1.4,1.0,76.47058823529412,3.1847236576800917,34,9
NON_TECH,BUY_MODERATE,5,2,1.4,1.0,85.71428571428571,2.8530333343079564,7,20
TECH,BUY_STRONG,5,2,1.4,1.5,76.47058823529412,3.1847236576800917,34,9
NON_TECH,BUY_MODERATE,5,2,1.4,1.5,80.0,2.247795881941203,10,20
TECH,BUY_STRONG,5,2,1.4,2.0,76.47058823529412,3.1847236576800917,34,9
NON_TECH,BUY_MODERATE,5,2,1.4,2.0,83.33333333333334,3.42145564938307,12,20
TECH,BUY_STRONG,5,2,1.4,2.5,75.0,2.818283440586434,32,9
NON_TECH,BUY_MODERATE,5,2,1.4,2.5,83.33333333333334,3.42145564938307,12,20
TECH,BUY_STRONG,5,2,1.5,0.5,80.0,4.416415969870571,25,9
TECH,BUY_STRONG,5,2,1.5,1.0,79.16666666666666,4.457987723412667,24,9
NON_TECH,BUY_MODERATE,5,2,1.5,1.0,85.71428571428571,2.8530333343079564,7,20
TECH,BUY_STRONG,5,2,1.5,1.5,79.16666666666666,4.457987723412667,24,9
NON_TECH,BUY_MODERATE,5,2,1.5,1.5,80.0,2.247795881941203,10,20
TECH,BUY_STRONG,5,2,1.5,2.0,79.16666666666666,4.457987723412667,24,9
NON_TECH,BUY_MODERATE,5,2,1.5,2.0,80.0,2.247795881941203,10,20
TECH,BUY_STRONG,5,2,1.5,2.5,77.27272727272727,4.040735049979399,22,9
NON_TECH,BUY_MODERATE,5,2,1.5,2.5,80.0,2.247795881941203,10,20
TECH,BUY_STRONG,5,2,1.6,0.5,85.0,4.808846493485021,20,9
TECH,BUY_STRONG,5,2,1.6,1.0,84.21052631578947,4.882012420254744,19,9
NON_TECH,BUY_MODERATE,5,2,1.6,1.0,83.33333333333334,3.147799999014501,6,20
TECH,BUY_STRONG,5,2,1.6,1.5,84.21052631578947,4.882012420254744,19,9
NON_TECH,BUY_MODERATE,5,2,1.6,1.5,71.42857142857143,2.0515186819362676,7,20
TECH,BUY_STRONG,5,2,1.6,2.0,84.21052631578947,4.882012420254744,19,9
NON_TECH,BUY_MODERATE,5,2,1.6,2.0,71.42857142857143,2.0515186819362676,7,20
TECH,BUY_STRONG,5,2,1.6,2.5,83.33333333333334,4.633549785949124,18,9
NON_TECH,BUY_MODERATE,5,2,1.6,2.5,71.42857142857143,2.0515186819362676,7,20
TECH,BUY_STRONG,5,2,1.7,0.5,82.35294117647058,5.023368236667436,17,9
TECH,BUY_STRONG,5,2,1.7,1.0,81.25,5.123660383655385,16,9
NON_TECH,BUY_MODERATE,5,2,1.7,1.0,83.33333333333334,3.147799999014501,6,20
TECH,BUY_STRONG,5,2,1.7,1.5,81.25,5.123660383655385,16,9
NON_TECH,BUY_MODERATE,5,2,1.7,1.5,71.42857142857143,2.0515186819362676,7,20
TECH,BUY_STRONG,5,2,1.7,2.0,81.25,5.123660383655385,16,9
NON_TECH,BUY_MODERATE,5,2,1.7,2.0,71.42857142857143,2.0515186819362676,7,20
TECH,BUY_STRONG,5,2,1.7,2.5,80.0,4.841615086715349,15,9
NON_TECH,BUY_MODERATE,5,2,1.7,2.5,71.42857142857143,2.0515186819362676,7,20
TECH,BUY_STRONG,5,3,1.2,0.5,71.83098591549296,2.6190674346182754,71,9
TECH,BUY_STRONG,5,3,1.2,1.0,72.46376811594203,2.657115967363848,69,9
NON_TECH,BUY_MODERATE,5,3,1.2,1.0,72.72727272727273,2.4465961659555844,11,20
TECH,BUY_STRONG,5,3,1.2,1.5,72.3076923076923,2.8232257707362214,65,9
TECH,BUY_STRONG,5,3,1.2,2.0,72.58064516129032,2.8308111835931205,62,9
TECH,BUY_STRONG,5,3,1.2,2.5,74.54545454545455,2.8658768064396547,55,9
TECH,BUY_MODERATE,5,3,1.2,2.5,100.0,4.507934762408633,5,9
NON_TECH,BUY_MODERATE,5,3,1.2,2.5,71.42857142857143,3.540483862001966,21,20
TECH,BUY_STRONG,5,3,1.3,0.5,71.42857142857143,3.4378800681081283,49,9
TECH,BUY_STRONG,5,3,1.3,1.0,72.3404255319149,3.528581643138431,47,9
NON_TECH,BUY_MODERATE,5,3,1.3,1.0,77.77777777777779,2.818622333266251,9,20
TECH,BUY_STRONG,5,3,1.3,1.5,73.33333333333333,3.7377630474250463,45,9
NON_TECH,BUY_MODERATE,5,3,1.3,1.5,75.0,2.6055759693470937,12,20
TECH,BUY_STRONG,5,3,1.3,2.0,74.4186046511628,3.8943566999448676,43,9
NON_TECH,BUY_MODERATE,5,3,1.3,2.0,73.33333333333333,4.730668746839583,15,20
TECH,BUY_STRONG,5,3,1.3,2.5,76.31578947368422,3.8764254275097194,38,9
TECH,BUY_MODERATE,5,3,1.3,2.5,100.0,4.507934762408633,5,9
NON_TECH,BUY_MODERATE,5,3,1.3,2.5,73.33333333333333,4.730668746839583,15,20
TECH,BUY_STRONG,5,3,1.4,0.5,78.78787878787878,3.736638675392637,33,9
TECH,BUY_STRONG,5,3,1.4,1.0,78.125,3.7211059097881245,32,9
NON_TECH,BUY_MODERATE,5,3,1.4,1.0,85.71428571428571,3.5005982140017844,7,20
TECH,BUY_STRONG,5,3,1.4,1.5,78.125,3.7211059097881245,32,9
NON_TECH,BUY_MODERATE,5,3,1.4,1.5,80.0,3.040349813078135,10,20
TECH,BUY_STRONG,5,3,1.4,2.0,78.125,3.7211059097881245,32,9
NON_TECH,BUY_MODERATE,5,3,1.4,2.0,83.33333333333334,6.051376031004591,12,20
TECH,BUY_STRONG,5,3,1.4,2.5,76.66666666666667,3.140504362478624,30,9
NON_TECH,BUY_MODERATE,5,3,1.4,2.5,83.33333333333334,6.051376031004591,12,20
TECH,BUY_STRONG,5,3,1.5,0.5,86.95652173913044,5.351532385091958,23,9
TECH,BUY_STRONG,5,3,1.5,1.0,86.36363636363636,5.402343531017181,22,9
NON_TECH,BUY_MODERATE,5,3,1.5,1.0,85.71428571428571,3.5005982140017844,7,20
TECH,BUY_STRONG,5,3,1.5,1.5,86.36363636363636,5.402343531017181,22,9
NON_TECH,BUY_MODERATE,5,3,1.5,1.5,80.0,3.040349813078135,10,20
TECH,BUY_STRONG,5,3,1.5,2.0,86.36363636363636,5.402343531017181,22,9
NON_TECH,BUY_MODERATE,5,3,1.5,2.0,80.0,3.040349813078135,10,20
TECH,BUY_STRONG,5,3,1.5,2.5,85.0,4.699564972175836,20,9
NON_TECH,BUY_MODERATE,5,3,1.5,2.5,80.0,3.040349813078135,10,20
TECH,BUY_STRONG,5,3,1.6,0.5,88.88888888888889,6.060383439325515,18,9
TECH,BUY_STRONG,5,3,1.6,1.0,88.23529411764706,6.167836160771896,17,9
NON_TECH,BUY_MODERATE,5,3,1.6,1.0,83.33333333333334,2.844681844177456,6,20
TECH,BUY_STRONG,5,3,1.6,1.5,88.23529411764706,6.167836160771896,17,9
NON_TECH,BUY_MODERATE,5,3,1.6,1.5,71.42857142857143,2.236236935256384,7,20
TECH,BUY_STRONG,5,3,1.6,2.0,88.23529411764706,6.167836160771896,17,9
NON_TECH,BUY_MODERATE,5,3,1.6,2.0,71.42857142857143,2.236236935256384,7,20
TECH,BUY_STRONG,5,3,1.6,2.5,87.5,5.649008205638415,16,9
NON_TECH,BUY_MODERATE,5,3,1.6,2.5,71.42857142857143,2.236236935256384,7,20
TECH,BUY_STRONG,5,3,1.7,0.5,86.66666666666667,6.29875374392048,15,9
TECH,BUY_STRONG,5,3,1.7,1.0,85.71428571428571,6.446258498862153,14,9
NON_TECH,BUY_MODERATE,5,3,1.7,1.0,83.33333333333334,2.844681844177456,6,20
TECH,BUY_STRONG,5,3,1.7,1.5,85.71428571428571,6.446258498862153,14,9
NON_TECH,BUY_MODERATE,5,3,1.7,1.5,71.42857142857143,2.236236935256384,7,20
TECH,BUY_STRONG,5,3,1.7,2.0,85.71428571428571,6.446258498862153,14,9
NON_TECH,BUY_MODERATE,5,3,1.7,2.0,71.42857142857143,2.236236935256384,7,20
TECH,BUY_STRONG,5,3,1.7,2.5,84.61538461538461,5.829118118550966,13,9
NON_TECH,BUY_MODERATE,5,3,1.7,2.5,71.42857142857143,2.236236935256384,7,20
TECH,BUY_STRONG,5,4,1.2,2.5,70.9090909090909,3.4381025266127256,55,9
NON_TECH,BUY_MODERATE,5,4,1.4,1.0,71.42857142857143,7.257725586993869,7,20
NON_TECH,BUY_MODERATE,5,4,1.4,1.5,70.0,5.770362789829162,10,20
NON_TECH,BUY_MODERATE,5,4,1.4,2.0,75.0,8.408244595559172,12,20
NON_TECH,BUY_MODERATE,5,4,1.4,2.5,75.0,8.408244595559172,12,20
TECH,BUY_STRONG,5,4,1.5,0.5,78.26086956521739,6.291147950179541,23,9
TECH,BUY_STRONG,5,4,1.5,1.0,77.27272727272727,6.289423666445288,22,9
NON_TECH,BUY_MODERATE,5,4,1.5,1.0,71.42857142857143,7.257725586993869,7,20
TECH,BUY_STRONG,5,4,1.5,1.5,77.27272727272727,6.289423666445288,22,9
NON_TECH,BUY_MODERATE,5,4,1.5,1.5,70.0,5.770362789829162,10,20
TECH,BUY_STRONG,5,4,1.5,2.0,77.27272727272727,6.289423666445288,22,9
NON_TECH,BUY_MODERATE,5,4,1.5,2.0,70.0,5.770362789829162,10,20
TECH,BUY_STRONG,5,4,1.5,2.5,75.0,5.8984618030171045,20,9
NON_TECH,BUY_MODERATE,5,4,1.5,2.5,70.0,5.770362789829162,10,20
TECH,BUY_STRONG,5,4,1.6,0.5,77.77777777777779,7.067029039268604,18,9
TECH,BUY_STRONG,5,4,1.6,1.0,76.47058823529412,7.110437677323633,17,9
TECH,BUY_STRONG,5,4,1.6,1.5,76.47058823529412,7.110437677323633,17,9
TECH,BUY_STRONG,5,4,1.6,2.0,76.47058823529412,7.110437677323633,17,9
TECH,BUY_STRONG,5,4,1.6,2.5,75.0,6.81643559574192,16,9
TECH,BUY_STRONG,5,4,1.7,0.5,80.0,7.454014487221522,15,9
TECH,BUY_STRONG,5,4,1.7,1.0,78.57142857142857,7.534366793999264,14,9
TECH,BUY_STRONG,5,4,1.7,1.5,78.57142857142857,7.534366793999264,14,9
TECH,BUY_STRONG,5,4,1.7,2.0,78.57142857142857,7.534366793999264,14,9
TECH,SELL_STRONG,5,4,1.7,2.0,72.72727272727273,4.65312242623595,11,9
TECH,BUY_STRONG,5,4,1.7,2.5,76.92307692307693,7.2051280102583615,13,9
TECH,SELL_STRONG,5,4,1.7,2.5,70.0,4.390387063119755,10,9
TECH,BUY_STRONG,5,5,1.2,0.5,70.4225352112676,3.6364847741632773,71,9
NON_TECH,BUY_MODERATE,5,5,1.2,0.5,83.33333333333334,8.426032862872631,6,20
TECH,BUY_STRONG,5,5,1.2,1.5,70.76923076923077,3.8321211365375376,65,9
TECH,BUY_STRONG,5,5,1.2,2.0,70.96774193548387,3.894746815489897,62,9
TECH,BUY_STRONG,5,5,1.2,2.5,72.72727272727273,3.989005837427995,55,9
NON_TECH,BUY_MODERATE,5,5,1.3,0.5,80.0,9.583660867092954,5,20
TECH,BUY_STRONG,5,5,1.5,0.5,78.26086956521739,6.083164872985404,23,9
TECH,BUY_STRONG,5,5,1.5,1.0,77.27272727272727,5.987855010801105,22,9
TECH,BUY_STRONG,5,5,1.5,1.5,77.27272727272727,5.987855010801105,22,9
TECH,BUY_STRONG,5,5,1.5,2.0,77.27272727272727,5.987855010801105,22,9
TECH,BUY_STRONG,5,5,1.5,2.5,75.0,5.43618210120704,20,9
TECH,BUY_STRONG,5,5,1.6,0.5,77.77777777777779,6.943289411584672,18,9
TECH,BUY_STRONG,5,5,1.6,1.0,76.47058823529412,6.8705427980873015,17,9
TECH,BUY_STRONG,5,5,1.6,1.5,76.47058823529412,6.8705427980873015,17,9
TECH,BUY_STRONG,5,5,1.6,2.0,76.47058823529412,6.8705427980873015,17,9
TECH,BUY_STRONG,5,5,1.6,2.5,75.0,6.4290599042844345,16,9
TECH,BUY_STRONG,5,5,1.7,0.5,80.0,7.526492480213688,15,9
TECH,BUY_STRONG,5,5,1.7,1.0,78.57142857142857,7.479814668726094,14,9
TECH,BUY_STRONG,5,5,1.7,1.5,78.57142857142857,7.479814668726094,14,9
TECH,BUY_STRONG,5,5,1.7,2.0,78.57142857142857,7.479814668726094,14,9
TECH,SELL_STRONG,5,5,1.7,2.0,72.72727272727273,4.138232004566335,11,9
TECH,BUY_STRONG,5,5,1.7,2.5,76.92307692307693,6.98331817409478,13,9
TECH,SELL_STRONG,5,5,1.7,2.5,70.0,4.4199705621883165,10,9
TECH,BUY_STRONG,5,6,1.2,0.5,74.28571428571429,3.847633693139182,70,9
NON_TECH,BUY_MODERATE,5,6,1.2,0.5,83.33333333333334,8.625311534142465,6,20
TECH,BUY_STRONG,5,6,1.2,1.0,73.52941176470588,3.835452322273206,68,9
TECH,BUY_STRONG,5,6,1.2,1.5,73.4375,4.022181230179211,64,9
TECH,BUY_STRONG,5,6,1.2,2.0,73.77049180327869,4.082517801472702,61,9
TECH,BUY_STRONG,5,6,1.2,2.5,74.07407407407408,4.240619657330486,54,9
TECH,BUY_STRONG,5,6,1.3,0.5,71.42857142857143,3.9924140734496483,49,9
NON_TECH,BUY_MODERATE,5,6,1.3,0.5,80.0,9.199295823094939,5,20
TECH,BUY_STRONG,5,6,1.3,1.0,70.2127659574468,3.9809508296567673,47,9
TECH,BUY_STRONG,5,6,1.3,1.5,71.11111111111111,4.216211523734232,45,9
NON_TECH,BUY_MODERATE,5,6,1.3,1.5,75.0,8.354816317332492,12,20
TECH,BUY_STRONG,5,6,1.3,2.0,72.09302325581395,4.434737633536364,43,9
NON_TECH,BUY_MODERATE,5,6,1.3,2.0,73.33333333333333,10.213223352403107,15,20
TECH,BUY_STRONG,5,6,1.3,2.5,71.05263157894737,4.527471322123454,38,9
NON_TECH,BUY_MODERATE,5,6,1.3,2.5,73.33333333333333,10.213223352403107,15,20
TECH,BUY_STRONG,5,6,1.4,0.5,72.72727272727273,4.130790074401266,33,9
TECH,BUY_STRONG,5,6,1.4,1.0,71.875,4.028850044309152,32,9
TECH,BUY_STRONG,5,6,1.4,1.5,71.875,4.028850044309152,32,9
NON_TECH,BUY_MODERATE,5,6,1.4,1.5,70.0,7.803119710539901,10,20
TECH,BUY_STRONG,5,6,1.4,2.0,71.875,4.028850044309152,32,9
NON_TECH,BUY_MODERATE,5,6,1.4,2.0,75.0,11.58849492262724,12,20
TECH,BUY_STRONG,5,6,1.4,2.5,70.0,3.6466181063962444,30,9
NON_TECH,BUY_MODERATE,5,6,1.4,2.5,75.0,11.58849492262724,12,20
NON_TECH,BUY_MODERATE,5,6,1.5,1.5,70.0,7.803119710539901,10,20
NON_TECH,BUY_MODERATE,5,6,1.5,2.0,70.0,7.803119710539901,10,20
NON_TECH,BUY_MODERATE,5,6,1.5,2.5,70.0,7.803119710539901,10,20
TECH,BUY_STRONG,5,6,1.6,0.5,72.22222222222221,6.186711731445868,18,9
TECH,BUY_STRONG,5,6,1.6,1.0,70.58823529411765,6.115761184039806,17,9
TECH,BUY_STRONG,5,6,1.6,1.5,70.58823529411765,6.115761184039806,17,9
TECH,BUY_STRONG,5,6,1.6,2.0,70.58823529411765,6.115761184039806,17,9
TECH,BUY_STRONG,5,6,1.7,0.5,73.33333333333333,6.512489633959749,15,9
TECH,BUY_STRONG,5,6,1.7,1.0,71.42857142857143,6.4496052480033805,14,9
TECH,BUY_STRONG,5,6,1.7,1.5,71.42857142857143,6.4496052480033805,14,9
TECH,BUY_STRONG,5,6,1.7,2.0,71.42857142857143,6.4496052480033805,14,9
TECH,SELL_STRONG,5,6,1.7,2.0,72.72727272727273,4.754410894709955,11,9
TECH,SELL_STRONG,5,6,1.7,2.5,70.0,5.084125889443051,10,9
TECH,BUY_STRONG,5,7,1.2,0.5,75.71428571428571,4.208845671159903,70,9
NON_TECH,BUY_MODERATE,5,7,1.2,0.5,83.33333333333334,8.155353682182513,6,20
TECH,BUY_STRONG,5,7,1.2,1.0,75.0,4.221788056535434,68,9
NON_TECH,BUY_MODERATE,5,7,1.2,1.0,70.0,7.908484701828333,10,20
TECH,BUY_STRONG,5,7,1.2,1.5,75.0,4.465757188122652,64,9
TECH,BUY_STRONG,5,7,1.2,2.0,75.40983606557377,4.4066591959221375,61,9
TECH,BUY_STRONG,5,7,1.2,2.5,75.92592592592592,4.506309892523815,54,9
TECH,BUY_STRONG,5,7,1.3,0.5,71.42857142857143,3.8792498055883464,49,9
NON_TECH,BUY_MODERATE,5,7,1.3,0.5,80.0,8.20369100054513,5,20
TECH,BUY_STRONG,5,7,1.3,1.0,70.2127659574468,3.883949602915857,47,9
NON_TECH,BUY_MODERATE,5,7,1.3,1.0,75.0,9.815515454445787,8,20
TECH,BUY_STRONG,5,7,1.3,1.5,71.11111111111111,4.134779054081401,45,9
NON_TECH,BUY_MODERATE,5,7,1.3,1.5,81.81818181818183,8.749641918767542,11,20
TECH,BUY_STRONG,5,7,1.3,2.0,72.09302325581395,4.322822501514702,43,9
NON_TECH,BUY_MODERATE,5,7,1.3,2.0,71.42857142857143,12.149201530853636,14,20
TECH,BUY_STRONG,5,7,1.3,2.5,71.05263157894737,4.374890934447367,38,9
NON_TECH,BUY_MODERATE,5,7,1.3,2.5,71.42857142857143,12.149201530853636,14,20
NON_TECH,BUY_MODERATE,5,7,1.4,1.5,77.77777777777779,9.039829375012715,9,20
NON_TECH,BUY_MODERATE,5,7,1.4,2.0,72.72727272727273,14.699990494362357,11,20
NON_TECH,BUY_MODERATE,5,7,1.4,2.5,72.72727272727273,14.699990494362357,11,20
NON_TECH,BUY_MODERATE,5,7,1.5,1.5,77.77777777777779,9.039829375012715,9,20
NON_TECH,BUY_MODERATE,5,7,1.5,2.0,77.77777777777779,9.039829375012715,9,20
NON_TECH,BUY_MODERATE,5,7,1.5,2.5,77.77777777777779,9.039829375012715,9,20
TECH,BUY_STRONG,5,7,1.7,0.5,73.33333333333333,5.672071919097294,15,9
TECH,BUY_STRONG,5,7,1.7,1.0,71.42857142857143,5.6370917832897245,14,9
TECH,BUY_STRONG,5,7,1.7,1.5,71.42857142857143,5.6370917832897245,14,9
TECH,BUY_STRONG,5,7,1.7,2.0,71.42857142857143,5.6370917832897245,14,9
TECH,SELL_STRONG,5,7,1.7,2.5,70.0,6.047705021632302,10,9
