symbol,entry_date,exit_date,signal,confidence,entry_price,exit_price,return_pct,correct,volume_ratio,price_change_before,price_volatility,holding_days,week_start,month
ZETA,2025-02-20 00:00:00-05:00,2025-02-27 00:00:00-05:00,SELL_WEAK,2,22.440000534057617,16.649999618530273,25.802142503248827,True,1.3505964198251994,-9.113001017947848,4.953672915714087,5,Thu,2
ZETA,2025-02-25 00:00:00-05:00,2025-03-04 00:00:00-05:00,SELL_WEAK,2,20.600000381469727,16.860000610351562,18.155338358548757,True,1.4181773438680392,-0.6271064333683888,2.672751082022102,5,Tue,2
ZETA,2025-02-26 00:00:00-05:00,2025-03-05 00:00:00-05:00,SELL_WEAK,2,17.770000457763672,17.139999389648438,3.545306988666893,True,2.0393708579197862,-17.845579531987948,9.993620265097801,5,Wed,2
ZETA,2025-02-27 00:00:00-05:00,2025-03-06 00:00:00-05:00,SELL_WEAK,2,16.649999618530273,16.049999237060547,3.6036059772756297,True,2.151086570398978,-19.174760630065755,11.100085480470815,5,Thu,2
ZETA,2025-02-28 00:00:00-05:00,2025-03-07 00:00:00-05:00,SELL_WEAK,2,17.209999084472656,15.81999969482422,8.076696476425337,True,1.8274789271462206,-3.1513863751553948,3.253924629399442,5,Fri,2
ZETA,2025-04-04 00:00:00-04:00,2025-04-11 00:00:00-04:00,SELL_WEAK,2,12.100000381469728,12.0600004196167,0.330578186710524,True,1.4220325585370022,-16.78129014294947,9.228008575486287,5,Fri,4
ZETA,2025-04-07 00:00:00-04:00,2025-04-14 00:00:00-04:00,SELL_WEAK,2,11.920000076293944,11.90999984741211,0.08389453706231301,True,1.9253341080766997,-9.35360895754764,5.361612731082827,5,Mon,4
ZETA,2025-04-08 00:00:00-04:00,2025-04-15 00:00:00-04:00,SELL_STRONG,4,11.630000114440918,11.979999542236328,-3.009453347819124,False,1.7442434001301632,-3.8842996050527536,1.9955326849269859,5,Tue,4
ZETA,2025-04-10 00:00:00-04:00,2025-04-17 00:00:00-04:00,SELL_MODERATE,3,11.710000038146973,11.460000038146973,2.13492740551315,True,1.7272915535221545,0.6878755195085436,5.795732144169382,5,Thu,4
ZETA,2025-04-11 00:00:00-04:00,2025-04-21 00:00:00-04:00,SELL_WEAK,2,12.0600004196167,11.020000457763672,8.623548305697998,True,1.5824081370486889,-6.366457201384989,4.915641436770132,5,Fri,4
ZETA,2025-05-05 00:00:00-04:00,2025-05-12 00:00:00-04:00,SELL_MODERATE,3,13.4399995803833,14.31999969482422,-6.54762010354038,False,2.122867787008723,-0.3706463423514117,0.9354088320595245,5,Mon,5
ZETA,2025-05-06 00:00:00-04:00,2025-05-13 00:00:00-04:00,SELL_STRONG,4,13.109999656677246,14.90999984741211,-13.729978931144204,False,1.576083445558134,-4.166671314202206,2.13409444890166,5,Tue,5
ZETA,2025-06-02 00:00:00-04:00,2025-06-09 00:00:00-04:00,SELL_WEAK,2,12.93000030517578,13.600000381469728,-5.181748340916535,False,1.523682637177353,-1.2223059247289558,0.8403718473151818,5,Mon,6
ZETA,2025-06-03 00:00:00-04:00,2025-06-10 00:00:00-04:00,SELL_MODERATE,3,13.170000076293944,13.15999984741211,0.07593188173046875,True,1.5894469244417835,0.22830846413511965,0.9997469103883204,5,Tue,6
ZETA,2025-06-04 00:00:00-04:00,2025-06-11 00:00:00-04:00,BUY_STRONG,4,13.199999809265137,12.850000381469728,-2.651510854945182,False,1.4265988310622786,2.0881631687300004,1.1296661333299554,5,Wed,6
ZETA,2025-06-05 00:00:00-04:00,2025-06-12 00:00:00-04:00,BUY_STRONG,4,13.640000343322754,12.729999542236328,-6.6715599573419535,False,1.3194406414081001,3.5687187874418687,1.972925519015235,5,Thu,6
ZETA,2025-06-09 00:00:00-04:00,2025-06-16 00:00:00-04:00,BUY_MODERATE,3,13.600000381469728,12.600000381469728,-7.352940970226148,False,1.4946665221846442,-0.29325484491359943,1.229318822100445,5,Mon,6
ZETA,2025-06-25 00:00:00-04:00,2025-07-02 00:00:00-04:00,SELL_WEAK,2,15.020000457763672,15.15999984741211,-0.9320864539393098,False,4.706291716219726,-10.648417995522893,5.6520004250351645,5,Wed,6
ZETA,2025-06-26 00:00:00-04:00,2025-07-03 00:00:00-04:00,SELL_WEAK,2,15.34000015258789,15.449999809265137,-0.7170772854176858,False,1.827551451580366,-4.8977002435328405,3.686875275334854,5,Thu,6
ZETA,2025-06-27 00:00:00-04:00,2025-07-07 00:00:00-04:00,BUY_STRONG,4,15.109999656677246,14.869999885559082,-1.5883506060313242,False,1.3332727704581866,0.5991957135197997,1.0887960856122485,5,Fri,6
GOOGL,2025-02-25 00:00:00-05:00,2025-03-04 00:00:00-05:00,SELL_STRONG,4,175.00633239746094,170.51695251464844,2.5652671085161454,True,1.3885195838133002,-2.360018569041342,1.3130166307084385,5,Tue,2
GOOGL,2025-02-26 00:00:00-05:00,2025-03-05 00:00:00-05:00,SELL_STRONG,4,172.3226776123047,172.61199951171875,-0.16789542933228163,False,1.3602692244051044,-3.637377165448795,1.8638041355881814,5,Wed,2
GOOGL,2025-02-27 00:00:00-05:00,2025-03-06 00:00:00-05:00,SELL_STRONG,4,168.1026611328125,171.94357299804688,-2.2848608340588936,False,1.6080238589382214,-3.944812264832423,2.0256096231273215,5,Thu,2
GOOGL,2025-02-28 00:00:00-05:00,2025-03-07 00:00:00-05:00,SELL_WEAK,2,169.87844848632812,173.4500274658203,-2.102432069115365,False,1.571695490796352,-1.4184024760082026,1.2456187292182685,5,Fri,2
GOOGL,2025-03-03 00:00:00-05:00,2025-03-10 00:00:00-04:00,SELL_MODERATE,3,166.6161651611328,165.66943359375,0.5682111135298534,True,1.555376235869826,-0.8842786673705628,0.9710385787112471,5,Mon,3
GOOGL,2025-03-04 00:00:00-05:00,2025-03-11 00:00:00-04:00,SELL_MODERATE,3,170.51695251464844,163.84164428710938,3.9147475538923984,True,1.5217881544276866,0.37585934767452245,1.2380192387737492,5,Tue,3
GOOGL,2025-03-05 00:00:00-05:00,2025-03-12 00:00:00-04:00,BUY_STRONG,4,172.61199951171875,166.90794372558594,-3.304553450668741,False,1.216601942746054,3.598591015936195,1.7908353932550913,5,Wed,3
GOOGL,2025-03-31 00:00:00-04:00,2025-04-07 00:00:00-04:00,SELL_STRONG,4,154.45301818847656,146.5725555419922,5.102174589342095,True,1.3310273363453584,-4.684423908197073,2.8522545251134925,5,Mon,3
GOOGL,2025-04-01 00:00:00-04:00,2025-04-08 00:00:00-04:00,BUY_STRONG,4,156.8800811767578,144.52503967285156,-7.875468581626845,False,1.4275741576375964,1.775411104122356,0.9658883030216439,5,Tue,4
GOOGL,2025-04-04 00:00:00-04:00,2025-04-11 00:00:00-04:00,SELL_WEAK,2,145.4239501953125,156.9499969482422,-7.925824279597385,False,1.3099525844269568,-7.28476537719534,3.7920045008962315,5,Fri,4
GOOGL,2025-04-07 00:00:00-04:00,2025-04-14 00:00:00-04:00,SELL_STRONG,4,146.5725555419922,158.87767028808594,-8.395237908346632,False,1.8656286243460938,-2.634030037373134,1.8188918168587822,5,Mon,4
GOOGL,2025-04-08 00:00:00-04:00,2025-04-15 00:00:00-04:00,SELL_MODERATE,3,144.52503967285156,156.12100219726562,-8.023497208970022,False,1.8164824101512043,-0.6181310033551216,0.7053207347907984,5,Tue,4
GOOGL,2025-04-28 00:00:00-04:00,2025-05-05 00:00:00-04:00,BUY_STRONG,4,160.41580200195312,164.01145935058594,2.241460818547685,True,1.2352164329044582,0.8350124765584955,0.8342964921472215,5,Mon,4
GOOGL,2025-05-07 00:00:00-04:00,2025-05-14 00:00:00-04:00,SELL_WEAK,2,151.19696044921875,165.1700439453125,-9.241643122043298,False,1.7000787730984972,-7.813172903958682,4.474333383204447,5,Wed,5
GOOGL,2025-05-08 00:00:00-04:00,2025-05-15 00:00:00-04:00,SELL_WEAK,2,154.0934600830078,163.76174926757812,-6.274302088720801,False,2.090943142415888,-5.483051813532605,3.9521219566260437,5,Thu,5
GOOGL,2025-05-09 00:00:00-04:00,2025-05-16 00:00:00-04:00,SELL_MODERATE,3,152.5653076171875,165.9890594482422,-8.798692206446553,False,2.2428967421461152,0.9050097064803926,0.9494154629564455,5,Fri,5
GOOGL,2025-06-20 00:00:00-04:00,2025-06-27 00:00:00-04:00,SELL_WEAK,2,166.63999938964844,178.52999877929688,-7.135141282523934,False,1.2590093746945932,-5.291274634879589,2.7909361907546715,5,Fri,6
GOOGL,2025-06-23 00:00:00-04:00,2025-06-30 00:00:00-04:00,SELL_STRONG,4,165.19000244140625,176.22999572753906,-6.683209106464391,False,1.6757107750900713,-4.69074806095768,2.575266131658204,5,Mon,6
GOOGL,2025-06-24 00:00:00-04:00,2025-07-01 00:00:00-04:00,SELL_MODERATE,3,166.77000427246094,175.83999633789062,-5.438623153484822,False,1.787892100725296,0.07801541243919125,0.5277360438067387,5,Tue,6
GOOGL,2025-06-25 00:00:00-04:00,2025-07-02 00:00:00-04:00,BUY_STRONG,4,170.67999267578125,178.63999938964844,4.663702282310139,True,1.2260934600423978,3.3234397682888392,1.6868130846680984,5,Wed,6
GOOGL,2025-06-30 00:00:00-04:00,2025-07-08 00:00:00-04:00,BUY_STRONG,4,176.22999572753906,174.36000061035156,-1.0611105728440304,False,1.8284335930442546,1.5500763774785753,1.418251892131806,5,Mon,6
GOOGL,2025-07-01 00:00:00-04:00,2025-07-09 00:00:00-04:00,SELL_STRONG,4,175.83999633789062,176.6199951171875,-0.44358439236886976,False,1.8646212462810703,-1.5067509437064952,0.8218785534815014,5,Tue,7
DASH,2025-03-04 00:00:00-05:00,2025-03-11 00:00:00-04:00,SELL_WEAK,2,193.41000366210935,183.72999572753903,5.004915852998718,True,1.2568884937879488,-2.534770569145765,1.4294775467920824,5,Tue,3
DASH,2025-03-10 00:00:00-04:00,2025-03-17 00:00:00-04:00,SELL_WEAK,2,177.86000061035156,189.8600006103516,-6.746879545046859,False,2.0465577398212202,-1.2492365734136166,0.6941980931359334,5,Mon,3
DASH,2025-03-11 00:00:00-04:00,2025-03-18 00:00:00-04:00,BUY_STRONG,4,183.72999572753903,185.2100067138672,0.805535851926391,True,2.4340148148148146,3.1727278966700156,1.8496598864099514,5,Tue,3
DASH,2025-03-13 00:00:00-04:00,2025-03-20 00:00:00-04:00,SELL_STRONG,4,178.2899932861328,192.92999267578125,-8.21134104040999,False,1.4301733241712056,-2.9608678865226943,2.5780941788955585,5,Thu,3
DASH,2025-03-21 00:00:00-04:00,2025-03-28 00:00:00-04:00,SELL_MODERATE,3,190.6199951171875,182.6100006103516,4.202074657441682,True,3.6951436344736575,-0.020984235892888344,0.6908341480127794,5,Fri,3
DASH,2025-05-06 00:00:00-04:00,2025-05-13 00:00:00-04:00,SELL_WEAK,2,190.1100006103516,197.8000030517578,-4.04502783478898,False,1.9542703078446853,-7.304108437770491,4.365418515621557,5,Tue,5
DASH,2025-05-07 00:00:00-04:00,2025-05-14 00:00:00-04:00,SELL_WEAK,2,176.99000549316406,196.83999633789065,-11.215317378750669,False,2.2722199646289183,-13.831542963744267,7.45089946197625,5,Wed,5
DASH,2025-05-08 00:00:00-04:00,2025-05-15 00:00:00-04:00,SELL_WEAK,2,182.9600067138672,197.1000061035156,-7.728464621102732,False,2.0202920941242373,-3.760977262389784,3.5826102695948334,5,Thu,5
DASH,2025-05-09 00:00:00-04:00,2025-05-16 00:00:00-04:00,BUY_STRONG,4,183.5200042724609,202.0,10.069744604028546,True,1.251841602485806,3.689473177370491,1.9978762935225314,5,Fri,5
DASH,2025-06-20 00:00:00-04:00,2025-06-27 00:00:00-04:00,BUY_MODERATE,3,220.4600067138672,242.31500244140625,9.913360728462846,True,1.4491569237380235,0.487719279454648,0.29760682717544934,5,Fri,6
DASH,2025-06-25 00:00:00-04:00,2025-07-02 00:00:00-04:00,BUY_STRONG,4,232.67999267578125,238.8000030517578,2.630226305922336,True,1.2529528343586736,1.0246549481219738,1.2628385172785912,5,Wed,6
DASH,2025-06-30 00:00:00-04:00,2025-07-08 00:00:00-04:00,BUY_STRONG,4,246.50999450683597,241.47000122070312,-2.04453912557005,False,1.498228705433955,2.866798170040509,1.4261120393651878,5,Mon,6
DASH,2025-07-01 00:00:00-04:00,2025-07-09 00:00:00-04:00,SELL_STRONG,4,238.00999450683597,246.05999755859372,-3.382212191734893,False,1.700846201324161,-1.7766163428577932,1.7542297949288497,5,Tue,7
DASH,2025-07-02 00:00:00-04:00,2025-07-10 00:00:00-04:00,SELL_WEAK,2,238.8000030517578,238.2400054931641,0.2345048372852604,True,1.28279101214109,-3.127658767143556,1.9477120840677775,5,Wed,7
ANET,2025-02-20 00:00:00-05:00,2025-02-27 00:00:00-05:00,SELL_WEAK,2,103.4000015258789,91.56999969482422,11.441007404718345,True,2.264084756615454,-6.897169278860776,4.033194191737006,5,Thu,2
ANET,2025-02-21 00:00:00-05:00,2025-02-28 00:00:00-05:00,SELL_WEAK,2,98.3000030517578,93.0500030517578,5.340793323511621,True,1.763309282284761,-5.4080015552453755,3.048391942080989,5,Fri,2
ANET,2025-02-24 00:00:00-05:00,2025-03-03 00:00:00-05:00,SELL_WEAK,2,92.69000244140624,86.01000213623047,7.206818566434404,True,1.4654291812094464,-10.357832617431999,5.459108181872551,5,Mon,2
ANET,2025-02-25 00:00:00-05:00,2025-03-04 00:00:00-05:00,SELL_WEAK,2,92.87999725341795,85.5199966430664,7.924204164509385,True,1.560205692957631,-5.513739196412897,3.366511463923739,5,Tue,2
ANET,2025-03-27 00:00:00-04:00,2025-04-03 00:00:00-04:00,SELL_WEAK,2,78.95999908447266,71.2699966430664,9.73911161419767,True,1.233270235421835,-9.178747564806851,4.918707427589854,5,Thu,3
ANET,2025-03-28 00:00:00-04:00,2025-04-04 00:00:00-04:00,SELL_STRONG,4,77.94000244140625,64.37000274658203,17.410827905767484,True,1.355523128189524,-4.555475206804605,2.4172376534108873,5,Fri,3
ANET,2025-04-04 00:00:00-04:00,2025-04-11 00:00:00-04:00,SELL_WEAK,2,64.37000274658203,72.66999816894531,-12.894197713552218,False,1.5991483649813532,-19.698104034632273,11.004457173818952,5,Fri,4
ANET,2025-04-07 00:00:00-04:00,2025-04-14 00:00:00-04:00,SELL_WEAK,2,68.16999816894531,73.58999633789062,-7.950708984197069,False,2.087684894589848,-4.3496543007381785,5.0869580750089956,5,Mon,4
ANET,2025-05-08 00:00:00-04:00,2025-05-15 00:00:00-04:00,SELL_WEAK,2,87.2699966430664,96.06999969482422,-10.083652332140856,False,1.2595298074131858,-3.855899668877373,2.602408285611322,5,Thu,5
ANET,2025-05-29 00:00:00-04:00,2025-06-05 00:00:00-04:00,SELL_WEAK,2,86.37000274658203,95.18000030517578,-10.200297879395857,False,1.2879842506880468,-6.616926433712061,4.001204536708314,5,Thu,5
ANET,2025-05-30 00:00:00-04:00,2025-06-06 00:00:00-04:00,SELL_WEAK,2,86.63999938964844,97.25,-12.246076506343123,False,1.6810471897316461,-6.627870961524879,4.098370934908281,5,Fri,5
ANET,2025-06-20 00:00:00-04:00,2025-06-27 00:00:00-04:00,SELL_STRONG,4,86.25,99.38999938964844,-15.234781901041666,False,1.549447873545573,-3.8247104075643303,2.434750976973201,5,Fri,6
ANET,2025-07-11 00:00:00-04:00,2025-07-18 00:00:00-04:00,BUY_STRONG,4,108.56999969482422,111.77999877929688,2.9566170152855626,True,1.3176109368589615,2.154686621969957,1.2324108724899023,5,Fri,7
TRIP,2025-02-20 00:00:00-05:00,2025-02-27 00:00:00-05:00,SELL_WEAK,2,16.5,14.449999809265137,12.424243580211293,True,1.9872698385819516,-6.462581797578835,3.912996138050312,5,Thu,2
TRIP,2025-02-21 00:00:00-05:00,2025-02-28 00:00:00-05:00,SELL_WEAK,2,15.109999656677246,14.800000190734863,2.051617954904395,True,2.2679151297329674,-14.63277398092091,7.885793153782554,5,Fri,2
TRIP,2025-02-24 00:00:00-05:00,2025-03-03 00:00:00-05:00,SELL_WEAK,2,15.020000457763672,14.390000343322754,4.194408090815189,True,2.012543924164419,-8.969694195371686,5.338100607738194,5,Mon,2
TRIP,2025-02-25 00:00:00-05:00,2025-03-04 00:00:00-05:00,SELL_WEAK,2,14.970000267028809,13.789999961853027,7.882433427704831,True,1.4698355543206163,-0.9265346977461413,0.4719222208859855,5,Tue,2
TRIP,2025-03-11 00:00:00-04:00,2025-03-18 00:00:00-04:00,SELL_WEAK,2,13.56999969482422,14.34000015258789,-5.674285004275708,False,1.4724304231629715,-4.234300481575216,3.2233317845055454,5,Tue,3
TRIP,2025-03-12 00:00:00-04:00,2025-03-19 00:00:00-04:00,BUY_STRONG,4,13.75,14.8100004196167,7.709093960848722,True,1.723771787622632,3.305781867105094,1.6333391088984117,5,Wed,3
TRIP,2025-03-13 00:00:00-04:00,2025-03-20 00:00:00-04:00,SELL_MODERATE,3,13.68000030517578,14.979999542236328,-9.50291818757269,False,1.5256088374178496,0.8106161593615558,0.6639358700425879,5,Thu,3
TRIP,2025-04-03 00:00:00-04:00,2025-04-10 00:00:00-04:00,SELL_WEAK,2,12.979999542236328,11.4399995803833,11.864406904190847,True,1.214681396293201,-7.483964438483282,5.090750764181957,5,Thu,4
TRIP,2025-04-04 00:00:00-04:00,2025-04-11 00:00:00-04:00,SELL_WEAK,2,11.6899995803833,11.619999885559082,0.5987998061324442,True,1.4880210235549454,-18.308880240435215,10.082488406193155,5,Fri,4
TRIP,2025-04-07 00:00:00-04:00,2025-04-14 00:00:00-04:00,SELL_WEAK,2,11.199999809265137,11.710000038146973,-4.553573549706145,False,1.8862025258418857,-13.713403665224744,7.690056310845376,5,Mon,4
TRIP,2025-04-08 00:00:00-04:00,2025-04-15 00:00:00-04:00,SELL_WEAK,2,10.670000076293944,11.859999656677246,-11.152760748588769,False,1.6790734113497827,-8.72540240121987,4.560165037393253,5,Tue,4
TRIP,2025-04-11 00:00:00-04:00,2025-04-21 00:00:00-04:00,SELL_WEAK,2,11.619999885559082,11.420000076293944,1.721168771384336,True,1.2791092379924918,-7.850910373292036,5.298570174078675,5,Fri,4
TRIP,2025-05-06 00:00:00-04:00,2025-05-13 00:00:00-04:00,SELL_MODERATE,3,12.760000228881836,15.670000076293944,-22.805641028323965,False,1.500236115280433,-0.854698194680424,0.5764693833469664,5,Tue,5
TRIP,2025-05-12 00:00:00-04:00,2025-05-19 00:00:00-04:00,BUY_STRONG,4,15.300000190734863,14.9399995803833,-2.352945136363894,False,1.47951407898436,2.409642707247829,1.2529793224980308,5,Mon,5
TRIP,2025-06-18 00:00:00-04:00,2025-06-26 00:00:00-04:00,SELL_STRONG,4,13.039999961853027,12.90999984741211,0.9969333958682353,True,1.308120146729551,-2.6138937452997353,1.326376642486389,5,Wed,6
TRIP,2025-06-20 00:00:00-04:00,2025-06-27 00:00:00-04:00,SELL_STRONG,4,12.970000267028809,13.0600004196167,-0.6939101829988475,False,1.3286073794769042,-1.74242079969494,0.902050861226533,5,Fri,6
TRIP,2025-06-24 00:00:00-04:00,2025-07-01 00:00:00-04:00,BUY_STRONG,4,13.43000030517578,13.869999885559082,3.2762440088235247,True,1.4195947592561926,3.546646327497328,1.8534428257916318,5,Tue,6
TRIP,2025-06-25 00:00:00-04:00,2025-07-02 00:00:00-04:00,SELL_WEAK,2,12.5,14.989999771118164,-19.919998168945312,False,1.680673586503183,-4.287905066033182,3.6026449413003094,5,Wed,6
TRIP,2025-06-26 00:00:00-04:00,2025-07-03 00:00:00-04:00,SELL_WEAK,2,12.90999984741211,17.5,-35.55383583918466,False,1.9258470088345605,-3.871931838774921,3.6000241815133367,5,Thu,6
TRIP,2025-06-30 00:00:00-04:00,2025-07-08 00:00:00-04:00,BUY_STRONG,4,13.050000190734863,17.489999771118164,34.02298479302381,True,3.4112926811435256,1.08443334606869,0.6447865747952152,5,Mon,6
TRIP,2025-07-08 00:00:00-04:00,2025-07-15 00:00:00-04:00,SELL_MODERATE,3,17.489999771118164,18.239999771118164,-4.2881647216399665,False,1.5357591271630895,-0.05714416503906251,1.0795935766094473,5,Tue,7
TLN,2025-02-21 00:00:00-05:00,2025-02-28 00:00:00-05:00,SELL_WEAK,2,218.8000030517578,207.9499969482422,4.95886926516588,True,1.9655903841621494,-11.891434205113443,6.335222579820233,5,Fri,2
TLN,2025-02-24 00:00:00-05:00,2025-03-03 00:00:00-05:00,SELL_WEAK,2,215.84500122070312,188.0200042724609,12.89119358376567,True,2.298645439394154,-8.706590573433095,4.975696085801206,5,Mon,2
TLN,2025-02-25 00:00:00-05:00,2025-03-04 00:00:00-05:00,SELL_STRONG,4,211.58999633789065,195.75999450683597,7.481450968870742,True,2.579615757304711,-3.295249823265135,1.6825847482187413,5,Tue,2
TLN,2025-02-26 00:00:00-05:00,2025-03-05 00:00:00-05:00,SELL_MODERATE,3,217.7100067138672,197.8500061035156,9.122226814522714,True,1.579800452505471,0.8640484989768562,1.4586581309695248,5,Wed,2
TLN,2025-02-27 00:00:00-05:00,2025-03-06 00:00:00-05:00,SELL_WEAK,2,201.82000732421875,180.52999877929688,10.54900791412618,True,1.4636056819613732,-4.617415370653955,3.8096855978620505,5,Thu,2
TLN,2025-02-28 00:00:00-05:00,2025-03-07 00:00:00-05:00,SELL_WEAK,2,207.9499969482422,176.24000549316406,15.248854013193661,True,1.5248913117631373,-4.483032228487516,3.831424341716038,5,Fri,2
TLN,2025-03-03 00:00:00-05:00,2025-03-10 00:00:00-04:00,SELL_WEAK,2,188.0200042724609,165.75,11.844486632491144,True,1.5565747873714209,-6.837777500220027,5.122876868279434,5,Mon,3
TLN,2025-03-04 00:00:00-05:00,2025-03-11 00:00:00-04:00,SELL_WEAK,2,195.75999450683597,176.55999755859375,9.807926791483307,True,1.7558147884251052,-5.861987314402441,5.09393943502925,5,Tue,3
TLN,2025-03-06 00:00:00-05:00,2025-03-13 00:00:00-04:00,SELL_WEAK,2,180.52999877929688,195.1999969482422,-8.126072269506746,False,1.2940813156524102,-7.7799326496238015,4.94007076174921,5,Thu,3
TLN,2025-03-10 00:00:00-04:00,2025-03-17 00:00:00-04:00,SELL_WEAK,2,165.75,207.0,-24.8868778280543,False,1.3146717220195816,-8.187004309109785,4.365562789556581,5,Mon,3
TLN,2025-04-04 00:00:00-04:00,2025-04-11 00:00:00-04:00,SELL_WEAK,2,174.39999389648438,198.03500366210935,-13.552184972927005,False,1.5956649257359745,-18.78172711474718,10.984436100244748,5,Fri,4
TLN,2025-04-07 00:00:00-04:00,2025-04-14 00:00:00-04:00,SELL_MODERATE,3,183.05999755859372,200.22999572753903,-9.379437560327483,False,1.7531531868707662,-0.7320677168843907,3.007182767335133,5,Mon,4
TLN,2025-05-08 00:00:00-04:00,2025-05-15 00:00:00-04:00,SELL_STRONG,4,228.6100006103516,244.8000030517578,-7.081930973352672,False,1.845841784989858,-2.6031018143214846,1.322354626297259,5,Thu,5
TLN,2025-05-09 00:00:00-04:00,2025-05-16 00:00:00-04:00,SELL_STRONG,4,225.16000366210935,244.8600006103516,-8.749332309394266,False,1.4570693608847596,-2.65876700592092,1.3498902942280278,5,Fri,5
TLN,2025-06-05 00:00:00-04:00,2025-06-12 00:00:00-04:00,SELL_MODERATE,3,255.94000244140625,274.989990234375,-7.443145897964882,False,1.689112533315963,0.1800558640833069,0.96736779033018,5,Thu,6
TLN,2025-06-10 00:00:00-04:00,2025-06-17 00:00:00-04:00,SELL_WEAK,2,255.09500122070312,285.8800048828125,-12.068054456102336,False,1.5869732516603723,-1.332485190051416,0.6720774601930619,5,Tue,6
TLN,2025-06-13 00:00:00-04:00,2025-06-23 00:00:00-04:00,SELL_MODERATE,3,277.1600036621094,291.5899963378906,-5.206376275479166,False,1.986770817467743,0.8514650591396047,0.47330576636089294,5,Fri,6
TLN,2025-06-27 00:00:00-04:00,2025-07-07 00:00:00-04:00,BUY_STRONG,4,297.8800048828125,285.1000061035156,-4.290317768836008,False,1.8167107322551266,3.4305572509765625,1.7171999696354463,5,Fri,6
TLN,2025-06-30 00:00:00-04:00,2025-07-08 00:00:00-04:00,SELL_MODERATE,3,290.7699890136719,277.4599914550781,4.577500451041362,True,1.842207715778323,-0.20935405961914297,1.3433728290599956,5,Mon,6
TLN,2025-07-01 00:00:00-04:00,2025-07-09 00:00:00-04:00,SELL_WEAK,2,279.989990234375,272.1499938964844,2.8000987932918218,True,2.566063138889213,-6.005778956353758,3.1109070924531097,5,Tue,7
TLN,2025-07-17 00:00:00-04:00,2025-07-24 00:00:00-04:00,SELL_STRONG,4,264.0,339.1600036621094,-28.469698356859613,False,1.4952753005850352,-1.547639004640971,0.8302817701715127,5,Thu,7
RKLB,2025-02-28 00:00:00-05:00,2025-03-07 00:00:00-05:00,SELL_WEAK,2,20.489999771118164,18.799999237060547,8.247928516035273,True,1.3141288506438278,-3.576471665326287,3.4623355119586647,5,Fri,2
RKLB,2025-03-03 00:00:00-05:00,2025-03-10 00:00:00-04:00,SELL_WEAK,2,18.65999984741211,17.1200008392334,8.252942233503223,True,1.5209547785701993,-5.9001516933706535,4.713980465688401,5,Mon,3
RKLB,2025-03-04 00:00:00-05:00,2025-03-11 00:00:00-04:00,SELL_WEAK,2,18.9950008392334,17.829999923706055,6.133197494369582,True,1.4880024747273912,-7.296236937943029,5.027173254592912,5,Tue,3
RKLB,2025-03-28 00:00:00-04:00,2025-04-04 00:00:00-04:00,SELL_WEAK,2,18.6200008392334,16.3700008392334,12.083780336137915,True,1.2815080416524502,-4.218105310170298,2.870894307150711,5,Fri,3
RKLB,2025-03-31 00:00:00-04:00,2025-04-07 00:00:00-04:00,SELL_STRONG,4,17.8799991607666,17.520000457763672,2.0134156593970154,True,1.4108644101430743,-2.9316010493523867,2.091028119843335,5,Mon,3
RKLB,2025-04-01 00:00:00-04:00,2025-04-08 00:00:00-04:00,SELL_STRONG,4,18.149999618530277,17.18000030517578,5.34434894623454,True,1.4585094175925666,-2.524174003863642,2.0556904634106634,5,Tue,4
RKLB,2025-04-04 00:00:00-04:00,2025-04-11 00:00:00-04:00,SELL_WEAK,2,16.3700008392334,19.6299991607666,-19.914466428859804,False,1.279156257270194,-15.35676985481862,8.312334610388511,5,Fri,4
RKLB,2025-04-07 00:00:00-04:00,2025-04-14 00:00:00-04:00,SELL_WEAK,2,17.520000457763672,19.1299991607666,-9.189490073840084,False,1.4499834573744048,-2.0681886221799175,4.592428281763096,5,Mon,4
RKLB,2025-05-09 00:00:00-04:00,2025-05-16 00:00:00-04:00,SELL_WEAK,2,20.51000022888184,25.56999969482422,-24.670889368479738,False,1.5710993142219059,-7.985646538962435,6.031537736035445,5,Fri,5
RKLB,2025-05-12 00:00:00-04:00,2025-05-19 00:00:00-04:00,SELL_WEAK,2,21.26000022888184,25.799999237060547,-21.35465173707332,False,1.963569214298909,-7.96536849438276,6.163152798251463,5,Mon,5
RKLB,2025-05-19 00:00:00-04:00,2025-05-27 00:00:00-04:00,BUY_STRONG,4,25.799999237060547,28.76000022888184,11.472872400590553,True,1.4647438519154488,2.299761853676724,1.1439938694824476,5,Mon,5
RKLB,2025-06-10 00:00:00-04:00,2025-06-17 00:00:00-04:00,SELL_WEAK,2,27.170000076293945,26.420000076293945,2.760397489488347,True,2.3556016066434027,-6.0511756410211595,4.445194449417584,5,Tue,6
RKLB,2025-06-11 00:00:00-04:00,2025-06-18 00:00:00-04:00,SELL_WEAK,2,27.36000061035156,27.850000381469727,-1.7909347960057351,False,1.944026234121496,-7.692303732277253,4.898990070652784,5,Wed,6
RKLB,2025-06-25 00:00:00-04:00,2025-07-02 00:00:00-04:00,SELL_WEAK,2,32.349998474121094,35.68000030517578,-10.293669205946259,False,1.229848844097372,-1.311776452680529,1.7030312812059836,5,Wed,6
RKLB,2025-06-30 00:00:00-04:00,2025-07-08 00:00:00-04:00,SELL_WEAK,2,35.77000045776367,38.7400016784668,-8.303050552683187,False,1.97752553396954,-1.0237934093345453,1.0626610590351424,5,Mon,6
RKLB,2025-07-01 00:00:00-04:00,2025-07-09 00:00:00-04:00,SELL_STRONG,4,34.33000183105469,39.13999938964844,-14.011061176940162,False,1.6163877076943882,-2.9677761598679413,2.1182626521202335,5,Tue,7
MSFT,2025-02-21 00:00:00-05:00,2025-02-28 00:00:00-05:00,SELL_WEAK,2,407.4619445800781,396.2625122070313,2.748583646158348,True,1.238841226798629,-1.3842544819537506,0.9908279342181544,5,Fri,2
MSFT,2025-02-24 00:00:00-05:00,2025-03-03 00:00:00-05:00,SELL_WEAK,2,403.2596740722656,387.778076171875,3.8391138256031687,True,1.255010585687373,-2.9149582451708613,1.50418712309896,5,Mon,2
MSFT,2025-02-25 00:00:00-05:00,2025-03-04 00:00:00-05:00,SELL_STRONG,4,397.17083740234375,387.8978576660156,2.3347584623727977,True,1.3046395552487875,-2.5256609395363725,1.285121141718025,5,Tue,2
MSFT,2025-04-01 00:00:00-04:00,2025-04-08 00:00:00-04:00,BUY_STRONG,4,381.4896545410156,353.9102783203125,-7.229390336648814,False,1.2385620375397968,0.8949397938880554,0.8975880269177574,5,Tue,4
MSFT,2025-04-04 00:00:00-04:00,2025-04-11 00:00:00-04:00,SELL_WEAK,2,359.1806030273437,387.7381896972656,-7.950759709523596,False,1.4437432877626843,-5.835562441785456,3.017780000083178,5,Fri,4
MSFT,2025-04-07 00:00:00-04:00,2025-04-14 00:00:00-04:00,SELL_STRONG,4,357.2042236328125,387.0993347167969,-8.36919305711094,False,1.990692421354993,-4.087264283906866,2.2805943534879756,5,Mon,4
MSFT,2025-04-08 00:00:00-04:00,2025-04-15 00:00:00-04:00,SELL_WEAK,2,353.9102783203125,385.0231628417969,-8.791178563433846,False,1.9713021372971253,-1.467318853693771,0.7462810461712843,5,Tue,4
MSFT,2025-04-11 00:00:00-04:00,2025-04-21 00:00:00-04:00,SELL_WEAK,2,387.7381896972656,358.4619140625,7.550526724649864,True,1.2962376900951897,-0.5224109874251182,1.2404893632401646,5,Fri,4
MSFT,2025-05-05 00:00:00-04:00,2025-05-12 00:00:00-04:00,BUY_STRONG,4,435.3707275390625,448.4367370605469,3.0011226513413356,True,1.7176286529377232,2.531737363395317,1.3828279553200944,5,Mon,5
MSFT,2025-06-20 00:00:00-04:00,2025-06-27 00:00:00-04:00,BUY_MODERATE,3,477.3999938964844,495.9400024414063,3.8835376585576578,True,1.4249272550921435,-0.13388307191810228,0.31128663950227065,5,Fri,6
MSFT,2025-06-23 00:00:00-04:00,2025-06-30 00:00:00-04:00,BUY_STRONG,4,486.0,497.4100036621094,2.347737379034851,True,1.6191166915608286,1.1994023577282475,0.9105826465628108,5,Mon,6
MSFT,2025-06-24 00:00:00-04:00,2025-07-01 00:00:00-04:00,BUY_STRONG,4,490.1099853515625,492.0499877929688,0.395830017626496,True,1.681523339212508,2.662335906488105,1.3386554719199089,5,Tue,6
MSFT,2025-06-27 00:00:00-04:00,2025-07-07 00:00:00-04:00,BUY_STRONG,4,495.9400024414063,497.7200012207031,0.35891413689846874,True,1.221678042333179,0.7455285736771786,0.5379452094363653,5,Fri,6
MSFT,2025-07-01 00:00:00-04:00,2025-07-09 00:00:00-04:00,SELL_WEAK,2,492.0499877929688,503.510009765625,-2.329036125792574,False,1.3268150072671394,-0.7843720267144799,0.5593570858995321,5,Tue,7
AVGO,2025-02-25 00:00:00-05:00,2025-03-04 00:00:00-05:00,SELL_WEAK,2,201.45480346679688,186.4754943847656,7.435568089842107,True,1.528150786604483,-7.372176114452489,3.913065724023705,5,Tue,2
AVGO,2025-02-27 00:00:00-05:00,2025-03-06 00:00:00-05:00,SELL_WEAK,2,196.74020385742188,178.48851013183594,9.27705337685478,True,1.2825882262084043,-2.340276592189595,3.7883142510259384,5,Thu,2
AVGO,2025-02-28 00:00:00-05:00,2025-03-07 00:00:00-05:00,SELL_WEAK,2,198.3614654541016,193.91542053222656,2.2413853979636933,True,1.3291484409387504,-6.344513674433817,4.0860437397817275,5,Fri,2
AVGO,2025-03-03 00:00:00-05:00,2025-03-10 00:00:00-04:00,SELL_WEAK,2,186.3660888671875,183.46173095703125,1.5584154433943294,True,1.54979276070904,-5.273002053892616,3.3578117294236063,5,Mon,3
AVGO,2025-03-04 00:00:00-05:00,2025-03-11 00:00:00-04:00,SELL_WEAK,2,186.4754943847656,189.07150268554688,-1.3921444795447415,False,1.622265316006362,-5.992076657694517,3.6208673735637533,5,Tue,3
AVGO,2025-03-05 00:00:00-05:00,2025-03-12 00:00:00-04:00,BUY_STRONG,4,190.55352783203125,193.1893310546875,1.3832350692450326,True,1.3187319147158065,2.246888900387827,1.2708647776967876,5,Wed,3
AVGO,2025-03-06 00:00:00-05:00,2025-03-13 00:00:00-04:00,SELL_WEAK,2,178.48851013183594,190.33470153808597,-6.636949010051205,False,1.455820205223583,-4.283128074968208,3.3142824506313526,5,Thu,3
AVGO,2025-03-11 00:00:00-04:00,2025-03-18 00:00:00-04:00,SELL_STRONG,4,189.07150268554688,187.6591033935547,0.747018599805181,True,1.5887611916143405,-2.497953918974011,2.770693318179025,5,Tue,3
AVGO,2025-04-04 00:00:00-04:00,2025-04-11 00:00:00-04:00,SELL_WEAK,2,145.94647216796875,181.5127716064453,-24.36941360086016,False,1.4260039902326944,-14.992160675359528,8.409665825939705,5,Fri,4
AVGO,2025-04-07 00:00:00-04:00,2025-04-14 00:00:00-04:00,SELL_MODERATE,3,153.77804565429688,177.94117736816406,-15.7129918065076,False,2.0581063015796213,0.08441334414088965,2.9674838837749085,5,Mon,4
AVGO,2025-04-11 00:00:00-04:00,2025-04-21 00:00:00-04:00,SELL_WEAK,2,181.5127716064453,165.81971740722656,8.64570248161067,True,1.2748369155788315,-1.7337247698297724,3.7196153466416386,5,Fri,4
AVGO,2025-05-30 00:00:00-04:00,2025-06-06 00:00:00-04:00,BUY_STRONG,4,241.5015869140625,246.35015869140625,2.007676984362466,True,1.2443557710060091,1.1026266161710698,0.6204184573725892,5,Fri,5
AVGO,2025-06-02 00:00:00-04:00,2025-06-09 00:00:00-04:00,BUY_STRONG,4,248.12599182128903,243.70639038085935,-1.7811924530715322,False,1.2800709040263358,2.7854729579180932,1.5814937749996785,5,Mon,6
AVGO,2025-06-05 00:00:00-04:00,2025-06-12 00:00:00-04:00,BUY_STRONG,4,259.31964111328125,255.4687042236328,-1.4850155094755022,False,1.9246328385727272,1.1991380421208433,0.8435201495584025,5,Thu,6
AVGO,2025-06-06 00:00:00-04:00,2025-06-13 00:00:00-04:00,SELL_WEAK,2,246.35015869140625,248.11599731445312,-0.716800278281483,False,1.9603922576426822,-5.419790087381576,3.0700024241031807,5,Fri,6
AVGO,2025-06-09 00:00:00-04:00,2025-06-16 00:00:00-04:00,SELL_WEAK,2,243.70639038085935,251.50802612304688,-3.2012438122756204,False,1.6837797802721237,-6.020851588947482,3.345318753799284,5,Mon,6
AVGO,2025-06-10 00:00:00-04:00,2025-06-17 00:00:00-04:00,SELL_WEAK,2,244.0555725097656,248.784423828125,-1.9376125157601898,False,1.2825906484444498,-0.9314328002991047,0.5869259263740845,5,Tue,6
XP,2025-03-11 00:00:00-04:00,2025-03-18 00:00:00-04:00,SELL_STRONG,4,14.960000038146973,15.270000457763672,-2.072195313009488,False,1.7873990977179188,-3.0460159282767596,1.5575229008383622,5,Tue,3
XP,2025-03-12 00:00:00-04:00,2025-03-19 00:00:00-04:00,SELL_WEAK,2,14.140000343322754,15.6899995803833,-10.961804804994179,False,2.938927913774881,-6.666662050421223,3.6389772626873707,5,Wed,3
XP,2025-03-13 00:00:00-04:00,2025-03-20 00:00:00-04:00,SELL_WEAK,2,13.890000343322754,15.210000038146973,-9.50323730883688,False,3.026161261321735,-7.152404358929097,3.9060146377242484,5,Thu,3
XP,2025-04-04 00:00:00-04:00,2025-04-11 00:00:00-04:00,SELL_WEAK,2,12.989999771118164,13.460000038146973,-3.6181699408017116,False,1.3389204272702213,-7.412686968261134,4.841691665017416,5,Fri,4
XP,2025-04-07 00:00:00-04:00,2025-04-14 00:00:00-04:00,SELL_WEAK,2,12.760000228881836,13.729999542236328,-7.601875360150316,False,1.432596289746376,-10.330283630659014,5.933341834774794,5,Mon,4
XP,2025-05-12 00:00:00-04:00,2025-05-19 00:00:00-04:00,BUY_STRONG,4,17.899999618530273,18.6299991607666,4.078209820075218,True,1.8169542009002526,1.7623619286710173,0.9612681957665486,5,Mon,5
XP,2025-05-15 00:00:00-04:00,2025-05-22 00:00:00-04:00,SELL_MODERATE,3,18.59000015258789,18.690000534057617,-0.5379256624471067,False,2.4594993141878145,0.3237963503456542,1.093808731657863,5,Thu,5
XP,2025-05-16 00:00:00-04:00,2025-05-23 00:00:00-04:00,SELL_WEAK,2,18.770000457763672,18.63999938964844,0.6926002394499655,True,1.4532415744790326,-0.7403457999900346,0.8552478642298578,5,Fri,5
XP,2025-06-27 00:00:00-04:00,2025-07-07 00:00:00-04:00,BUY_STRONG,4,19.700000762939453,19.479999542236328,-1.1167574222484367,False,1.2237364254403138,2.231449377068068,1.1713223803853112,5,Fri,6
XP,2025-07-17 00:00:00-04:00,2025-07-24 00:00:00-04:00,SELL_MODERATE,3,18.1200008392334,16.649999618530273,8.112589142492094,True,1.6309907330071987,-0.5488390663538365,0.44395189332245394,5,Thu,7
NVDA,2025-02-25 00:00:00-05:00,2025-03-04 00:00:00-05:00,SELL_WEAK,2,126.60955810546876,115.97127532958984,8.402432592819713,True,1.2776709007918106,-5.8022732830323775,2.991772718108323,5,Tue,2
NVDA,2025-02-26 00:00:00-05:00,2025-03-05 00:00:00-05:00,BUY_STRONG,4,131.25881958007812,117.28106689453124,-10.649000753065106,False,1.4554408128479053,0.7675842941705953,1.891565766944018,5,Wed,2
NVDA,2025-02-27 00:00:00-05:00,2025-03-06 00:00:00-05:00,SELL_WEAK,2,120.13060760498048,110.55215454101562,7.973366034625588,True,1.7645097033051247,-5.1172680778896344,4.435820950536661,5,Thu,2
NVDA,2025-02-28 00:00:00-05:00,2025-03-07 00:00:00-05:00,SELL_WEAK,2,124.89983367919922,112.67181396484376,9.790261006882274,True,1.911574195508689,-4.844616096063113,4.4510968424476625,5,Fri,2
NVDA,2025-03-03 00:00:00-05:00,2025-03-10 00:00:00-04:00,SELL_WEAK,2,114.04158782958984,106.96273040771484,6.207259611689028,True,1.9215361098791672,-5.0686664263056596,4.547116632788328,5,Mon,3
NVDA,2025-03-04 00:00:00-05:00,2025-03-11 00:00:00-04:00,SELL_WEAK,2,115.97127532958984,108.74244689941406,6.23329217483509,True,1.637290836400874,-7.148575051382422,4.896590863346761,5,Tue,3
NVDA,2025-03-05 00:00:00-05:00,2025-03-12 00:00:00-04:00,BUY_STRONG,4,117.28106689453124,115.73196411132812,-1.3208464283465218,False,1.3853924976643055,2.840612031623133,1.407679068562865,5,Wed,3
NVDA,2025-04-04 00:00:00-04:00,2025-04-11 00:00:00-04:00,SELL_WEAK,2,94.30345153808594,110.92229461669922,-17.62273045955428,False,1.475164017148233,-14.589746451155735,7.889865262649158,5,Fri,4
NVDA,2025-04-07 00:00:00-04:00,2025-04-14 00:00:00-04:00,SELL_WEAK,2,97.63321685791016,110.70230865478516,-13.385907191704044,False,2.046602825413011,-4.086446593564796,3.8325003296137305,5,Mon,4
NVDA,2025-04-08 00:00:00-04:00,2025-04-15 00:00:00-04:00,BUY_STRONG,4,96.29331970214844,112.19220733642578,16.510893677209694,True,2.1561052477905815,2.110069283369613,1.7438388550945723,5,Tue,4
NVDA,2025-04-11 00:00:00-04:00,2025-04-21 00:00:00-04:00,SELL_WEAK,2,110.92229461669922,96.9032745361328,12.63859545009437,True,1.3138307648465237,-2.9738486391966696,3.0466175169575203,5,Fri,4
NVDA,2025-05-29 00:00:00-04:00,2025-06-05 00:00:00-04:00,BUY_STRONG,4,139.1803436279297,139.98028564453125,0.574752149441479,True,1.2547033272307135,2.723258071305954,1.725289628856435,5,Thu,5
NVDA,2025-05-30 00:00:00-04:00,2025-06-06 00:00:00-04:00,BUY_MODERATE,3,135.12062072753906,141.7101593017578,4.876782343611399,True,1.478408992889539,0.23737038439400085,1.7903857877078722,5,Fri,5
NVDA,2025-06-02 00:00:00-04:00,2025-06-09 00:00:00-04:00,SELL_WEAK,2,137.37046813964844,142.62010192871094,-3.8215155412630706,False,1.3377423684443555,-1.3003815345646679,1.4821269340076992,5,Mon,6
NVDA,2025-06-27 00:00:00-04:00,2025-07-07 00:00:00-04:00,BUY_STRONG,4,157.75,158.24000549316406,0.3106215487569335,True,1.4032438238638967,2.2292803420595164,1.1664976542328649,5,Fri,6
AMD,2025-02-28 00:00:00-05:00,2025-03-07 00:00:00-05:00,SELL_WEAK,2,99.86000061035156,100.30999755859376,-0.4506278244460121,False,1.2246243565100463,-4.659153478086893,2.884231548783016,5,Fri,2
AMD,2025-03-03 00:00:00-05:00,2025-03-10 00:00:00-04:00,SELL_WEAK,2,98.2300033569336,96.62999725341795,1.6288364540737872,True,1.346907948518011,-1.286301629804564,0.8649979395543121,5,Mon,3
AMD,2025-03-04 00:00:00-05:00,2025-03-11 00:00:00-04:00,BUY_STRONG,4,100.75,96.76000213623048,-3.9602956464213572,False,1.3279571564965384,0.8912471301909641,1.2829391001626793,5,Tue,3
AMD,2025-03-26 00:00:00-04:00,2025-04-02 00:00:00-04:00,SELL_WEAK,2,110.19000244140624,102.95999908447266,6.5613968570135475,True,1.268956993721002,-3.2147528166606003,2.1584306104682955,5,Wed,3
AMD,2025-04-04 00:00:00-04:00,2025-04-11 00:00:00-04:00,SELL_WEAK,2,85.76000213623047,93.4000015258789,-8.908581155947543,False,1.3832997378950491,-16.705513890040535,9.138546296407956,5,Fri,4
AMD,2025-04-07 00:00:00-04:00,2025-04-14 00:00:00-04:00,SELL_WEAK,2,83.63999938964844,94.5,-12.984218901961913,False,1.952857951418667,-10.831560054964159,6.1091406288782775,5,Mon,4
AMD,2025-04-08 00:00:00-04:00,2025-04-15 00:00:00-04:00,SELL_WEAK,2,78.20999908447266,95.29000091552734,-21.838642157004767,False,2.007465298255735,-8.803641398894289,4.71796653813021,5,Tue,4
AMD,2025-04-11 00:00:00-04:00,2025-04-21 00:00:00-04:00,SELL_WEAK,2,93.4000015258789,85.55999755859375,8.394008393150699,True,1.690644630264607,-3.5522459129480066,4.394730878473952,5,Fri,4
AMD,2025-05-07 00:00:00-04:00,2025-05-14 00:00:00-04:00,SELL_MODERATE,3,100.36000061035156,117.72000122070312,-17.29772868152113,False,1.938998872764265,-0.22864672026280491,1.0786847134352244,5,Wed,5
AMD,2025-05-08 00:00:00-04:00,2025-05-15 00:00:00-04:00,BUY_STRONG,4,101.6999969482422,114.98999786376952,13.067847900025942,True,2.0290185828326615,3.12309279647318,1.5408275347683191,5,Thu,5
AMD,2025-05-09 00:00:00-04:00,2025-05-16 00:00:00-04:00,BUY_STRONG,4,102.83999633789062,117.16999816894533,13.934269098933175,True,1.693630553977284,2.471099753344626,1.221391808769262,5,Fri,5
AMD,2025-06-18 00:00:00-04:00,2025-06-26 00:00:00-04:00,SELL_MODERATE,3,126.79000091552734,143.67999267578125,-13.321233250488504,False,2.0962604621043703,0.3164819430418219,0.2808055086820365,5,Wed,6
AMD,2025-06-20 00:00:00-04:00,2025-06-27 00:00:00-04:00,SELL_MODERATE,3,128.24000549316406,143.80999755859375,-12.141290859707315,False,1.6226199748540515,0.8969370831857927,0.599457683163011,5,Fri,6
AMD,2025-06-23 00:00:00-04:00,2025-06-30 00:00:00-04:00,BUY_STRONG,4,129.5800018310547,141.89999389648438,9.507633810263707,True,1.3150024113769174,2.200489703747345,1.088397476568221,5,Mon,6
AMD,2025-07-17 00:00:00-04:00,2025-07-24 00:00:00-04:00,BUY_STRONG,4,160.41000366210938,162.1199951171875,1.0660129767717499,True,1.5681334758516863,3.084636612641016,1.6894151060468636,5,Thu,7
MA,2025-02-25 00:00:00-05:00,2025-03-04 00:00:00-05:00,BUY_STRONG,4,562.3759155273438,553.442138671875,-1.5885774281587943,False,1.268643046035584,1.1694923368281989,0.6098830614758125,5,Tue,2
MA,2025-03-03 00:00:00-05:00,2025-03-10 00:00:00-04:00,BUY_STRONG,4,573.2339477539062,535.5447998046875,-6.574828322170304,False,1.3410685250779584,1.7881791358978427,1.0963183693041743,5,Mon,3
MA,2025-03-04 00:00:00-05:00,2025-03-11 00:00:00-04:00,SELL_STRONG,4,553.442138671875,524.2579345703125,5.2732168482142345,True,1.429397477175364,-3.6855207013128157,2.0890848695392616,5,Tue,3
MA,2025-03-05 00:00:00-05:00,2025-03-12 00:00:00-04:00,SELL_WEAK,2,556.6626586914062,523.1013793945312,6.029015737425306,True,1.2828745218536401,-2.890842234210138,1.8926513481237965,5,Wed,3
MA,2025-03-06 00:00:00-05:00,2025-03-13 00:00:00-04:00,SELL_WEAK,2,548.2075805664062,518.3055419921875,5.4545102319315,True,1.2286814134480335,-0.9458184947807556,0.7719892702801657,5,Thu,3
MA,2025-03-10 00:00:00-04:00,2025-03-17 00:00:00-04:00,SELL_WEAK,2,535.5447998046875,530.4298095703125,0.9551003457115875,True,1.273041935322637,-2.3098514523705793,1.2174153956404874,5,Mon,3
MA,2025-03-11 00:00:00-04:00,2025-03-18 00:00:00-04:00,SELL_STRONG,4,524.2579345703125,528.6351318359375,-0.8349320014035835,False,1.4040821940616708,-3.835263022603652,1.9561739354121062,5,Tue,3
MA,2025-03-12 00:00:00-04:00,2025-03-19 00:00:00-04:00,SELL_STRONG,4,523.1013793945312,534.5178833007812,-2.1824648827086146,False,1.318589912088554,-2.323506906367936,1.3029294533029054,5,Wed,3
MA,2025-03-24 00:00:00-04:00,2025-03-31 00:00:00-04:00,BUY_STRONG,4,542.0755615234375,546.5125122070312,0.8185114767255397,True,1.257332134891308,1.3591101947587367,0.8209607737849912,5,Mon,3
MA,2025-03-25 00:00:00-04:00,2025-04-01 00:00:00-04:00,BUY_STRONG,4,543.5612182617188,546.9014282226562,0.6145048338104993,True,1.2280993117410737,1.7678081811394026,0.9403674040874227,5,Tue,3
MA,2025-03-31 00:00:00-04:00,2025-04-07 00:00:00-04:00,SELL_WEAK,2,546.5125122070312,484.0960998535156,11.420856972048773,True,1.2000521994859283,-1.6948573827603335,1.548645748359993,5,Mon,3
MA,2025-04-04 00:00:00-04:00,2025-04-11 00:00:00-04:00,SELL_WEAK,2,488.3336486816406,509.0612182617188,-4.244550756646939,False,1.3099315693383091,-10.524685100256956,5.668771172934881,5,Fri,4
MA,2025-04-07 00:00:00-04:00,2025-04-14 00:00:00-04:00,SELL_WEAK,2,484.0960998535156,511.767578125,-5.716112623063393,False,1.6146652818978797,-8.487415193056728,4.953151339777348,5,Mon,4
MA,2025-04-08 00:00:00-04:00,2025-04-15 00:00:00-04:00,SELL_STRONG,4,478.5125427246094,516.680908203125,-7.976460817764195,False,1.5846319014997037,-2.011146678822029,1.0184902288717281,5,Tue,4
MA,2025-05-02 00:00:00-04:00,2025-05-09 00:00:00-04:00,BUY_STRONG,4,558.6341552734375,567.8716430664062,1.6535844981492815,True,1.2433340049701123,2.0672930772111324,1.2679300160563893,5,Fri,5
MA,2025-06-02 00:00:00-04:00,2025-06-09 00:00:00-04:00,BUY_STRONG,4,580.4346313476562,583.5404663085938,0.535087810616392,True,1.2715177176748573,0.5953737836456691,0.6739738543819926,5,Mon,6
MA,2025-06-03 00:00:00-04:00,2025-06-10 00:00:00-04:00,SELL_WEAK,2,581.18359375,588.7433471679688,-1.3007513459198967,False,1.4550732413304321,-0.6198816762208362,0.4018501903032501,5,Tue,6
MA,2025-06-13 00:00:00-04:00,2025-06-23 00:00:00-04:00,SELL_STRONG,4,561.2705688476562,541.6171264648438,3.501598600326212,True,1.6510729732681872,-4.860005673725993,2.7847793827101825,5,Fri,6
MA,2025-06-16 00:00:00-04:00,2025-06-24 00:00:00-04:00,SELL_STRONG,4,567.9015502929688,556.7766723632812,1.9589448072378748,True,1.7471899848279038,-3.497499097152603,2.478397051293672,5,Mon,6
MA,2025-06-17 00:00:00-04:00,2025-06-25 00:00:00-04:00,BUY_STRONG,4,568.6805419921875,548.9572143554688,-3.468261384084723,False,1.7362624145954473,1.3202140920634151,0.7194874460797349,5,Tue,6
MA,2025-06-18 00:00:00-04:00,2025-06-26 00:00:00-04:00,SELL_WEAK,2,538.0020141601562,545.0724487304688,-1.3142022491030532,False,1.7902536832011158,-5.264915392005523,3.133623048990348,5,Wed,6
MA,2025-06-20 00:00:00-04:00,2025-06-27 00:00:00-04:00,SELL_WEAK,2,532.2498168945312,549.576416015625,-3.2553508843248937,False,2.4228436924849026,-6.4061845636625865,3.5849745961220645,5,Fri,6
MA,2025-06-23 00:00:00-04:00,2025-06-30 00:00:00-04:00,SELL_MODERATE,3,541.6171264648438,561.1806640625,-3.6120603728593714,False,2.608284767075675,0.6719514443325723,0.8792482983474625,5,Mon,6
BBAI,2025-03-07 00:00:00-05:00,2025-03-14 00:00:00-04:00,SELL_WEAK,2,3.3399999141693115,3.5299999713897705,-5.688624613863612,False,1.247509153291441,-30.416671219799074,17.840723638630983,5,Fri,3
BBAI,2025-03-10 00:00:00-04:00,2025-03-17 00:00:00-04:00,SELL_WEAK,2,3.140000104904175,3.490000009536743,-11.146493405714377,False,1.4401228894563418,-25.23808934520946,15.82036494221918,5,Mon,3
BBAI,2025-03-11 00:00:00-04:00,2025-03-18 00:00:00-04:00,SELL_WEAK,2,3.180000066757202,2.970000028610229,6.603774645864085,True,1.3428836697117799,-4.7904147162800985,3.2866444277908133,5,Tue,3
BBAI,2025-03-26 00:00:00-04:00,2025-04-02 00:00:00-04:00,SELL_WEAK,2,3.190000057220459,3.130000114440918,1.8808759154637988,True,1.2571925241532231,-9.887003062264437,5.683390988613601,5,Wed,3
BBAI,2025-04-04 00:00:00-04:00,2025-04-11 00:00:00-04:00,SELL_WEAK,2,2.8499999046325684,2.809999942779541,1.4035074804040835,True,1.4096681331779908,-8.945693277022878,4.754278551041049,5,Fri,4
BBAI,2025-04-07 00:00:00-04:00,2025-04-14 00:00:00-04:00,SELL_WEAK,2,2.930000066757202,2.619999885559082,10.58021072133336,True,1.4451749884617324,-3.6184176472415266,3.244691916931281,5,Mon,4
BBAI,2025-04-08 00:00:00-04:00,2025-04-15 00:00:00-04:00,SELL_WEAK,2,2.6600000858306885,2.569999933242798,3.3834642738285696,True,1.3947810001309666,-6.666660531919397,4.929535337740863,5,Tue,4
BBAI,2025-04-11 00:00:00-04:00,2025-04-21 00:00:00-04:00,SELL_WEAK,2,2.809999942779541,2.390000104904175,14.946613751882106,True,1.2938611526506063,-9.354837766919221,5.467827616500921,5,Fri,4
BBAI,2025-04-29 00:00:00-04:00,2025-05-06 00:00:00-04:00,BUY_STRONG,4,3.5799999237060547,3.0899999141693115,-13.687151396067346,False,2.291464712102639,1.416429255567361,0.7431878737092891,5,Tue,4
BBAI,2025-04-30 00:00:00-04:00,2025-05-07 00:00:00-04:00,SELL_STRONG,4,3.4100000858306885,3.049999952316284,10.55718840038407,True,1.3959654434723139,-4.481788526723418,2.710051979655238,5,Wed,4
BBAI,2025-05-02 00:00:00-04:00,2025-05-09 00:00:00-04:00,SELL_WEAK,2,3.359999895095825,3.1600000858306885,5.9523754615900915,True,1.321628819008682,-1.4662812163150738,1.0698994360355873,5,Fri,5
BBAI,2025-05-05 00:00:00-04:00,2025-05-12 00:00:00-04:00,SELL_STRONG,4,3.2100000381469727,3.25,-1.2461047158154555,False,1.385636087117093,-3.89221195697758,2.4655459657187384,5,Mon,5
BBAI,2025-05-06 00:00:00-04:00,2025-05-13 00:00:00-04:00,SELL_WEAK,2,3.0899999141693115,3.559999942779541,-15.210357335449318,False,1.2231986002263668,-8.03571396893789,4.201163983525339,5,Tue,5
BBAI,2025-05-16 00:00:00-04:00,2025-05-23 00:00:00-04:00,SELL_WEAK,2,3.670000076293945,3.640000104904175,0.8174378955344536,True,1.3527672457750723,-4.675320332398856,3.0531735947823835,5,Fri,5
BBAI,2025-05-23 00:00:00-04:00,2025-06-02 00:00:00-04:00,SELL_STRONG,4,3.640000104904175,3.950000047683716,-8.516481699049345,False,1.6936934731052178,-2.150535566956493,2.4199886004697353,5,Fri,5
BBAI,2025-05-29 00:00:00-04:00,2025-06-05 00:00:00-04:00,SELL_WEAK,2,3.869999885559082,3.7699999809265137,2.583976940302204,True,1.3077539022744877,-13.808461406773764,7.460615472337053,5,Thu,5
BBAI,2025-06-03 00:00:00-04:00,2025-06-10 00:00:00-04:00,SELL_WEAK,2,3.7899999618530273,3.7699999809265137,0.5277039875413395,True,1.2899955153757399,-8.894228344485516,4.678037333334075,5,Tue,6
BBAI,2025-06-05 00:00:00-04:00,2025-06-12 00:00:00-04:00,SELL_WEAK,2,3.7699999809265137,3.829999923706055,-1.5915104266073736,False,1.3283530286795873,-0.5277039875413395,7.038290270873539,5,Thu,6
BBAI,2025-06-18 00:00:00-04:00,2025-06-26 00:00:00-04:00,SELL_STRONG,4,3.9600000381469727,5.800000190734863,-46.46464987027862,False,1.7573204739376271,-4.347822080763087,2.2222200855059766,5,Wed,6
BBAI,2025-06-20 00:00:00-04:00,2025-06-27 00:00:00-04:00,SELL_WEAK,2,4.0,5.840000152587891,-46.000003814697266,False,1.77275246159234,-1.234572552595136,1.1263757794225615,5,Fri,6
AVAV,2025-03-04 00:00:00-05:00,2025-03-11 00:00:00-04:00,SELL_STRONG,4,141.89999389648438,124.0,12.61451350698603,True,1.579447385018242,-5.159738987196568,2.9451115123345954,5,Tue,3
AVAV,2025-03-05 00:00:00-05:00,2025-03-12 00:00:00-04:00,SELL_STRONG,4,135.69000244140625,121.52999877929688,10.435554136144965,True,3.7569336864724403,-4.865738066200227,2.72256255685103,5,Wed,3
AVAV,2025-03-06 00:00:00-05:00,2025-03-13 00:00:00-04:00,SELL_STRONG,4,135.07000732421875,123.98999786376952,8.203160479478653,True,3.861483202346234,-4.813239510953101,2.7458878066934527,5,Thu,3
AVAV,2025-03-07 00:00:00-05:00,2025-03-14 00:00:00-04:00,SELL_STRONG,4,132.3300018310547,129.4499969482422,2.1763808984824116,True,3.213582568299967,-2.476232994249138,1.3307189047161267,5,Fri,3
AVAV,2025-04-07 00:00:00-04:00,2025-04-14 00:00:00-04:00,SELL_STRONG,4,113.37999725341795,142.8000030517578,-25.948144744246733,False,1.4281952805091749,-3.580235747584675,2.6750317364391423,5,Mon,4
AVAV,2025-05-12 00:00:00-04:00,2025-05-19 00:00:00-04:00,SELL_WEAK,2,167.1300048828125,161.1199951171875,3.5960088494217857,True,1.3756597425846477,-0.7423684307824809,0.8741713053808373,5,Mon,5
AVAV,2025-05-13 00:00:00-04:00,2025-05-20 00:00:00-04:00,BUY_STRONG,4,166.60000610351562,169.2899932861328,1.614638105682772,True,1.2419558608709385,0.6829061911381173,0.5095443750524656,5,Tue,5
AVAV,2025-05-22 00:00:00-04:00,2025-05-30 00:00:00-04:00,SELL_WEAK,2,167.63999938964844,178.02999877929688,-6.197804478332638,False,1.306603816675345,-0.9746553026885448,0.7729627888889494,5,Thu,5
AVAV,2025-05-30 00:00:00-04:00,2025-06-06 00:00:00-04:00,SELL_MODERATE,3,178.02999877929688,190.88999938964844,-7.223502049390033,False,1.5985657600706924,0.9354767268436334,1.61955089231977,5,Fri,5
AVAV,2025-06-04 00:00:00-04:00,2025-06-11 00:00:00-04:00,BUY_STRONG,4,183.47999572753903,189.5200042724609,3.2919166588008113,True,1.4648629899410335,1.7016750751690513,1.5692409643804497,5,Wed,6
AVAV,2025-06-06 00:00:00-04:00,2025-06-13 00:00:00-04:00,BUY_STRONG,4,190.88999938964844,195.1000061035156,2.205462165293222,True,1.546332870395421,4.03858940192749,1.9899244590831207,5,Fri,6
AVAV,2025-06-10 00:00:00-04:00,2025-06-17 00:00:00-04:00,SELL_MODERATE,3,189.6199951171875,188.72999572753903,0.469359462380766,True,1.5296386350297644,-0.6653068660074641,1.6756255854650288,5,Tue,6
AVAV,2025-06-23 00:00:00-04:00,2025-06-30 00:00:00-04:00,BUY_STRONG,4,191.22999572753903,284.95001220703125,49.00905641028344,True,1.3449641177926255,0.6261852680738101,0.43249379989474274,5,Mon,6
AVAV,2025-06-24 00:00:00-04:00,2025-07-01 00:00:00-04:00,BUY_STRONG,4,193.27999877929688,252.3999938964844,30.587746011265054,True,1.6812571366429232,1.9140548376678657,0.950989235968252,5,Tue,6
AVAV,2025-07-01 00:00:00-04:00,2025-07-09 00:00:00-04:00,SELL_WEAK,2,252.3999938964844,236.7700042724609,6.192547544368701,True,1.6243283213288635,-9.231493059876867,6.311513459785684,5,Tue,7
AVAV,2025-07-02 00:00:00-04:00,2025-07-10 00:00:00-04:00,SELL_WEAK,2,246.25,237.57000732421875,3.5248701221446703,True,1.6667535944644378,-13.581333760011791,7.961984130356563,5,Wed,7
AVAV,2025-07-03 00:00:00-04:00,2025-07-11 00:00:00-04:00,SELL_STRONG,4,246.22999572753903,263.79998779296875,-7.135601823618372,False,1.7360012366559368,-2.444531821770107,1.4323741335832636,5,Thu,7
AVAV,2025-07-07 00:00:00-04:00,2025-07-14 00:00:00-04:00,SELL_STRONG,4,240.7400054931641,265.0,-10.077259264466031,False,1.3384968994660857,-2.2375612210501155,1.2992435379765717,5,Mon,7
VNET,2025-02-24 00:00:00-05:00,2025-03-03 00:00:00-05:00,SELL_WEAK,2,13.289999961853027,9.960000038146973,25.056432906428334,True,1.7264076105766433,-9.468666992007314,5.482887949793187,5,Mon,2
VNET,2025-03-13 00:00:00-04:00,2025-03-20 00:00:00-04:00,SELL_WEAK,2,10.399999618530272,8.859999656677246,14.807692484037402,True,1.488782456396327,-12.678423578737,6.847359429218017,5,Thu,3
VNET,2025-04-08 00:00:00-04:00,2025-04-15 00:00:00-04:00,SELL_WEAK,2,5.769999980926514,5.389999866485596,6.585790566673445,True,1.4089056490749263,-9.702658818678076,6.019824991044153,5,Tue,4
VNET,2025-04-09 00:00:00-04:00,2025-04-16 00:00:00-04:00,SELL_WEAK,2,5.900000095367432,4.739999771118164,19.66102212710264,True,2.0828484265693485,-8.385092500854642,5.885587930509444,5,Wed,4
VNET,2025-04-10 00:00:00-04:00,2025-04-17 00:00:00-04:00,SELL_STRONG,4,5.670000076293945,5.019999980926514,11.463846324889083,True,1.8521184020593953,-1.7331006059468121,1.9952532697209986,5,Thu,4
VNET,2025-04-11 00:00:00-04:00,2025-04-21 00:00:00-04:00,SELL_WEAK,2,5.539999961853027,4.800000190734863,13.357396682556075,True,1.631776500814025,-6.101697079582585,3.1963795263224974,5,Fri,4
VNET,2025-05-06 00:00:00-04:00,2025-05-13 00:00:00-04:00,SELL_WEAK,2,6.829999923706055,6.389999866485596,6.442167820431083,True,1.2260494848558523,-3.531073484378464,1.7973166904818187,5,Tue,5
VNET,2025-05-08 00:00:00-04:00,2025-05-15 00:00:00-04:00,SELL_WEAK,2,6.0,5.989999771118164,0.1666704813639323,True,1.543159755898686,-12.152268418411417,6.590867092353489,5,Thu,5
VNET,2025-05-09 00:00:00-04:00,2025-05-16 00:00:00-04:00,SELL_WEAK,2,5.960000038146973,6.429999828338623,-7.885902469520426,False,1.2484607215225336,-5.396827655464425,3.0530924263067587,5,Fri,5
VNET,2025-05-14 00:00:00-04:00,2025-05-21 00:00:00-04:00,SELL_WEAK,2,6.230000019073486,6.480000019073486,-4.012841079207244,False,1.4231919151004135,-13.831258608048364,8.118181715888573,5,Wed,5
VNET,2025-05-29 00:00:00-04:00,2025-06-05 00:00:00-04:00,SELL_WEAK,2,5.460000038146973,6.03000020980835,-10.439563510604387,False,1.3393944154263049,-9.6026478041254,6.337322774739433,5,Thu,5
VNET,2025-05-30 00:00:00-04:00,2025-06-06 00:00:00-04:00,SELL_WEAK,2,5.340000152587891,5.909999847412109,-10.67415128345986,False,1.2332687463669831,-0.92763849974464,1.1169319311986603,5,Fri,5
VNET,2025-06-20 00:00:00-04:00,2025-06-27 00:00:00-04:00,SELL_WEAK,2,5.480000019073486,6.980000019073486,-27.372262678451737,False,1.2895007736680932,-1.2612643109136252,1.0141660854462835,5,Fri,6
VNET,2025-06-26 00:00:00-04:00,2025-07-03 00:00:00-04:00,BUY_STRONG,4,5.909999847412109,7.75,31.13367512849592,True,1.8340084654359534,1.1986248800558617,1.3556281045553664,5,Thu,6
VNET,2025-07-01 00:00:00-04:00,2025-07-09 00:00:00-04:00,SELL_STRONG,4,6.610000133514404,7.179999828338623,-8.62329324222209,False,3.4190392837932704,-5.3008579448140924,2.850353880483372,5,Tue,7
VNET,2025-07-17 00:00:00-04:00,2025-07-24 00:00:00-04:00,SELL_STRONG,4,8.760000228881836,8.329999923706055,4.908679154574273,True,1.4967066925069763,-3.097342191955019,1.734463446503115,5,Thu,7
SOUN,2025-04-04 00:00:00-04:00,2025-04-11 00:00:00-04:00,SELL_WEAK,2,7.320000171661377,8.279999732971191,-13.114747797771281,False,1.2924674664729792,-15.473437636966796,8.568699780907455,5,Fri,4
SOUN,2025-04-07 00:00:00-04:00,2025-04-14 00:00:00-04:00,SELL_WEAK,2,7.599999904632568,8.149999618530273,-7.236838431569632,False,1.3273799306374598,-8.433738192966457,6.5216695138290595,5,Mon,4
SOUN,2025-04-08 00:00:00-04:00,2025-04-15 00:00:00-04:00,SELL_STRONG,4,7.179999828338623,8.229999542236328,-14.623951796676632,False,1.5545126377636789,-1.9125729513607221,2.902989197054658,5,Tue,4
SOUN,2025-04-28 00:00:00-04:00,2025-05-05 00:00:00-04:00,BUY_STRONG,4,9.739999771118164,9.1899995803833,-5.646819339418964,False,1.2079717342596072,3.837949384702149,1.9009276282097074,5,Mon,4
SOUN,2025-05-09 00:00:00-04:00,2025-05-16 00:00:00-04:00,SELL_WEAK,2,8.979999542236328,11.1899995803833,-24.61024666819311,False,1.4470421260174764,-2.0719796344255226,4.254391444744341,5,Fri,5
SOUN,2025-05-15 00:00:00-04:00,2025-05-22 00:00:00-04:00,SELL_WEAK,2,11.010000228881836,9.550000190734863,13.260672187063602,True,1.5909593187103086,-2.2202486227198417,3.3665703809067167,5,Thu,5
SOUN,2025-05-29 00:00:00-04:00,2025-06-05 00:00:00-04:00,SELL_WEAK,2,10.529999732971191,9.470000267028809,10.06647191664542,True,1.2199194375645939,-5.305756822480642,2.8201903446935854,5,Thu,5
SOUN,2025-06-24 00:00:00-04:00,2025-07-01 00:00:00-04:00,BUY_STRONG,4,9.81999969482422,10.479999542236328,6.7209762517606855,True,1.3589924162481661,2.612330281841163,1.7881924428605231,5,Tue,6
SOUN,2025-06-25 00:00:00-04:00,2025-07-02 00:00:00-04:00,SELL_MODERATE,3,9.56999969482422,11.25,-17.554862682852335,False,1.5237916986597058,0.8429918402056024,1.7881924428605231,5,Wed,6
SOUN,2025-06-26 00:00:00-04:00,2025-07-03 00:00:00-04:00,BUY_STRONG,4,9.920000076293944,11.09000015258789,11.794355517092422,True,1.4900642719915582,1.0183338551673247,1.845217254443223,5,Thu,6
SOUN,2025-06-27 00:00:00-04:00,2025-07-07 00:00:00-04:00,BUY_STRONG,4,9.829999923706056,11.380000114440918,15.768059031179405,True,1.2613906091635365,2.7168258847746136,1.8596616973924192,5,Fri,6
SOUN,2025-07-10 00:00:00-04:00,2025-07-17 00:00:00-04:00,SELL_STRONG,4,12.289999961853027,12.640000343322754,-2.847846888170008,False,1.9766510424023305,-3.3044852480990103,2.4707888819708166,5,Thu,7
OUST,2025-02-24 00:00:00-05:00,2025-03-03 00:00:00-05:00,SELL_WEAK,2,8.270000457763672,7.690000057220459,7.013305543395984,True,1.3153666443419394,-16.04060774127912,8.865279606852807,5,Mon,2
OUST,2025-02-25 00:00:00-05:00,2025-03-04 00:00:00-05:00,SELL_WEAK,2,8.039999961853027,7.769999980926514,3.3582087339249833,True,1.311018261468333,-9.357383702533602,5.105533935183158,5,Tue,2
OUST,2025-03-12 00:00:00-04:00,2025-03-19 00:00:00-04:00,SELL_WEAK,2,7.480000019073486,8.300000190734863,-10.962569111904182,False,1.2234551562659066,-2.222223191825727,2.4177876091175117,5,Wed,3
OUST,2025-03-13 00:00:00-04:00,2025-03-20 00:00:00-04:00,SELL_WEAK,2,7.559999942779541,8.380000114440918,-10.846563199309923,False,1.2989288843588507,-3.694267074855477,2.551496376519276,5,Thu,3
OUST,2025-03-25 00:00:00-04:00,2025-04-01 00:00:00-04:00,BUY_STRONG,4,11.229999542236328,8.739999771118164,-22.17275042401568,False,3.8723282043597838,1.6289533791355912,0.9569791033530721,5,Tue,3
OUST,2025-05-14 00:00:00-04:00,2025-05-21 00:00:00-04:00,SELL_MODERATE,3,11.369999885559082,9.890000343322754,13.016706746990033,True,1.53631045518768,-0.8718428870240182,0.44086803681051634,5,Wed,5
OUST,2025-05-30 00:00:00-04:00,2025-06-06 00:00:00-04:00,BUY_STRONG,4,12.229999542236328,14.59000015258789,19.296816833077514,True,2.3655800329160943,2.428810486136698,1.9035444793395757,5,Fri,5
OUST,2025-06-13 00:00:00-04:00,2025-06-23 00:00:00-04:00,SELL_WEAK,2,18.06999969482422,23.700000762939453,-31.156619608177593,False,3.099902113203201,-11.247548363839654,5.984340343230231,5,Fri,6
OUST,2025-07-17 00:00:00-04:00,2025-07-24 00:00:00-04:00,BUY_STRONG,4,28.63999938964844,28.299999237060547,-1.1871513960673576,False,1.6147316893270158,1.201413999130585,1.2746982092912458,5,Thu,7
AMZN,2025-02-25 00:00:00-05:00,2025-03-04 00:00:00-05:00,SELL_STRONG,4,212.8000030517578,203.8000030517578,4.22932324761809,True,1.3398240648973954,-1.7453129316369196,1.0320148471430555,5,Tue,2
AMZN,2025-02-26 00:00:00-05:00,2025-03-05 00:00:00-05:00,BUY_STRONG,4,214.3500061035156,208.3600006103516,-2.7944974679736023,False,1.218680085263931,0.7710024624532592,0.43226945650082294,5,Wed,2
AMZN,2025-02-27 00:00:00-05:00,2025-03-06 00:00:00-05:00,SELL_STRONG,4,208.7400054931641,200.6999969482422,3.851685509889095,True,1.3238470513702756,-1.90789356220368,1.3667802927675852,5,Thu,2
AMZN,2025-03-04 00:00:00-05:00,2025-03-11 00:00:00-04:00,SELL_STRONG,4,203.8000030517578,196.58999633789065,3.5377853807176236,True,1.3086801470483087,-3.9947219598185217,2.214381288399432,5,Tue,3
AMZN,2025-03-10 00:00:00-04:00,2025-03-17 00:00:00-04:00,SELL_WEAK,2,194.5399932861328,195.7400054931641,-0.6168460205847132,False,1.2450861197082075,-3.069259469743767,1.6252082090124977,5,Mon,3
AMZN,2025-03-11 00:00:00-04:00,2025-03-18 00:00:00-04:00,SELL_WEAK,2,196.58999633789065,192.82000732421875,1.9176911765094111,True,1.2223272766735958,-1.335008111472696,1.2000293383295606,5,Tue,3
AMZN,2025-04-02 00:00:00-04:00,2025-04-09 00:00:00-04:00,BUY_STRONG,4,196.00999450683597,191.1000061035156,-2.5049683898384734,False,1.2832634677644361,3.0221802617540834,1.518819335820453,5,Wed,4
AMZN,2025-04-03 00:00:00-04:00,2025-04-10 00:00:00-04:00,SELL_WEAK,2,178.41000366210938,181.22000122070312,-1.5750224207806214,False,1.483988204130611,-7.160324003718263,4.899951958225176,5,Thu,4
AMZN,2025-04-04 00:00:00-04:00,2025-04-11 00:00:00-04:00,SELL_WEAK,2,171.0,184.8699951171875,-8.111108255665204,False,2.117705833840229,-12.759550639119949,7.065923646332313,5,Fri,4
AMZN,2025-04-07 00:00:00-04:00,2025-04-14 00:00:00-04:00,SELL_STRONG,4,175.25999450683594,182.1199951171875,-3.914185110900475,False,2.4683790759112116,-1.7656011942240855,2.126383403387111,5,Mon,4
AMZN,2025-04-08 00:00:00-04:00,2025-04-15 00:00:00-04:00,SELL_MODERATE,3,170.66000366210938,179.58999633789062,-5.232621870477507,False,2.136259303025645,-0.19882826777229534,1.4876387988701227,5,Tue,4
AMZN,2025-05-01 00:00:00-04:00,2025-05-08 00:00:00-04:00,BUY_STRONG,4,190.1999969482422,192.0800018310547,0.9884358112393098,True,1.2139271970593286,1.4995451025915187,1.5428738813102356,5,Thu,5
AMZN,2025-05-02 00:00:00-04:00,2025-05-09 00:00:00-04:00,BUY_STRONG,4,189.97999572753903,193.05999755859372,1.6212242869359208,True,1.4911077277977973,3.0148560968427423,1.740394608804055,5,Fri,5
AMZN,2025-05-05 00:00:00-04:00,2025-05-12 00:00:00-04:00,SELL_STRONG,4,186.3500061035156,208.63999938964844,-11.961359031966422,False,1.3148547637251171,-2.0241802873289543,1.1449090655597502,5,Mon,5
AMZN,2025-05-14 00:00:00-04:00,2025-05-21 00:00:00-04:00,BUY_STRONG,4,210.25,201.1199951171875,-4.342451787306778,False,1.2272910860828417,0.7716644052249944,0.6532102018831875,5,Wed,5
AMZN,2025-06-20 00:00:00-04:00,2025-06-27 00:00:00-04:00,SELL_STRONG,4,209.69000244140625,223.3000030517578,-6.490533860408824,False,1.430384544204887,-2.388047997349707,1.2100974848410242,5,Fri,6
AMZN,2025-06-23 00:00:00-04:00,2025-06-30 00:00:00-04:00,SELL_STRONG,4,208.47000122070312,219.38999938964844,-5.238162855568137,False,1.484040105958242,-1.905704390333761,0.9882915666840448,5,Mon,6
AMZN,2025-06-24 00:00:00-04:00,2025-07-01 00:00:00-04:00,BUY_STRONG,4,212.7700042724609,220.4600067138672,3.614232404469433,True,1.3713416388546373,1.4688358029445419,1.0536988188721368,5,Tue,6
AMZN,2025-06-30 00:00:00-04:00,2025-07-08 00:00:00-04:00,BUY_STRONG,4,219.38999938964844,219.3600006103516,-0.013673722312003443,False,1.9595941723201409,1.045506781278129,1.4213460212468139,5,Mon,6
AMZN,2025-07-01 00:00:00-04:00,2025-07-09 00:00:00-04:00,SELL_WEAK,2,220.4600067138672,222.5399932861328,-0.9434756912464484,False,1.8114086350414327,-1.2718299592823354,0.9141231160427927,5,Tue,7
SNPS,2025-02-20 00:00:00-05:00,2025-02-27 00:00:00-05:00,SELL_WEAK,2,493.9700012207031,454.7099914550781,7.94785304140035,True,2.072388983010661,-5.910475957961309,3.2119807526213613,5,Thu,2
SNPS,2025-02-21 00:00:00-05:00,2025-02-28 00:00:00-05:00,SELL_STRONG,4,474.8399963378906,457.2799987792969,3.698087291302702,True,2.0858480920813958,-5.2177759741298075,2.7616595832358355,5,Fri,2
SNPS,2025-02-24 00:00:00-05:00,2025-03-03 00:00:00-05:00,SELL_STRONG,4,470.0799865722656,443.260009765625,5.705407073848607,True,1.388062229319397,-4.83632904617695,2.63636800312921,5,Mon,2
SNPS,2025-02-25 00:00:00-05:00,2025-03-04 00:00:00-05:00,SELL_STRONG,4,457.9500122070313,445.4700012207031,2.7251906657196865,True,1.482964063288738,-3.556984302316564,1.8623666047335508,5,Tue,2
SNPS,2025-02-26 00:00:00-05:00,2025-03-05 00:00:00-05:00,BUY_MODERATE,3,470.4599914550781,447.9599914550781,-4.7825533326245475,False,1.4418261039998794,0.080838345317235,1.526391868947826,5,Wed,2
SNPS,2025-02-27 00:00:00-05:00,2025-03-06 00:00:00-05:00,SELL_MODERATE,3,454.7099914550781,445.7300109863281,1.9748808333887586,True,1.547807892836634,-0.7075053314964045,1.804019028035075,5,Thu,2
SNPS,2025-02-28 00:00:00-05:00,2025-03-07 00:00:00-05:00,SELL_STRONG,4,457.2799987792969,450.8800048828125,1.3995787949547491,True,1.341006625752838,-2.8015119064677663,1.83362539663838,5,Fri,2
SNPS,2025-03-03 00:00:00-05:00,2025-03-10 00:00:00-04:00,SELL_STRONG,4,443.260009765625,429.8500061035156,3.025313217224345,True,1.3686562736259846,-2.5180844724377023,1.6522396386094151,5,Mon,3
SNPS,2025-03-24 00:00:00-04:00,2025-03-31 00:00:00-04:00,BUY_STRONG,4,457.7699890136719,428.8500061035156,-6.317579484069786,False,1.214676664471681,1.72892707574333,1.0931056145537226,5,Mon,3
SNPS,2025-03-25 00:00:00-04:00,2025-04-01 00:00:00-04:00,BUY_STRONG,4,457.2300109863281,435.9400024414063,-4.656301649796654,False,1.2666746217601639,1.9237638799365293,1.1320406302649517,5,Tue,3
SNPS,2025-04-04 00:00:00-04:00,2025-04-11 00:00:00-04:00,SELL_WEAK,2,388.1300048828125,421.2099914550781,-8.522914012343213,False,1.6320445340113205,-11.49697510286071,6.1084875446545785,5,Fri,4
SNPS,2025-04-07 00:00:00-04:00,2025-04-14 00:00:00-04:00,SELL_WEAK,2,380.8999938964844,421.9800109863281,-10.784987594672394,False,2.183901206021037,-8.82325139015104,4.937219188382884,5,Mon,4
SNPS,2025-04-08 00:00:00-04:00,2025-04-15 00:00:00-04:00,SELL_STRONG,4,381.5899963378906,425.6499938964844,-11.546423643553661,False,1.977799173709494,-1.6850046279973871,1.0403101996015371,5,Tue,4
SNPS,2025-05-28 00:00:00-04:00,2025-06-04 00:00:00-04:00,SELL_WEAK,2,462.4299926757813,473.1900024414063,-2.3268408053214342,False,2.675837877178958,-7.300794423600118,5.212349849968559,5,Wed,5
SNPS,2025-05-29 00:00:00-04:00,2025-06-05 00:00:00-04:00,SELL_WEAK,2,454.989990234375,482.2000122070313,-5.980356174130303,False,4.077297420536648,-11.098305430392417,6.4799539981470256,5,Thu,5
SNPS,2025-05-30 00:00:00-04:00,2025-06-06 00:00:00-04:00,SELL_MODERATE,3,463.9800109863281,486.0,-4.745891739357868,False,4.818002780352178,0.33518983091426907,1.0436893078990692,5,Fri,5
SNPS,2025-06-02 00:00:00-04:00,2025-06-09 00:00:00-04:00,BUY_STRONG,4,466.1499938964844,495.7699890136719,6.354176875472634,True,2.370178943251842,2.452802017987389,1.2815790430808816,5,Mon,6
SNPS,2025-06-27 00:00:00-04:00,2025-07-07 00:00:00-04:00,BUY_STRONG,4,502.6300048828125,536.52001953125,6.742537118598582,True,1.2603356694831462,3.152259777014433,1.5533533383825233,5,Fri,6
SNPS,2025-06-30 00:00:00-04:00,2025-07-08 00:00:00-04:00,BUY_STRONG,4,512.6799926757812,551.510009765625,7.573928697155117,True,1.4379496975485513,3.42545492245382,1.6950841372677456,5,Mon,6
SNPS,2025-07-01 00:00:00-04:00,2025-07-09 00:00:00-04:00,BUY_STRONG,4,521.780029296875,550.9500122070312,5.5904751566410615,True,1.6081981157815333,3.809964432689868,1.869559652488662,5,Tue,7
SNPS,2025-07-08 00:00:00-04:00,2025-07-15 00:00:00-04:00,BUY_STRONG,4,551.510009765625,569.0999755859375,3.1894191417827034,True,1.2921024210857293,0.5047963663203923,1.4619056079531592,5,Tue,7
SNPS,2025-07-14 00:00:00-04:00,2025-07-21 00:00:00-04:00,SELL_STRONG,4,549.530029296875,591.4600219726562,-7.630154939745655,False,2.037876026315333,-2.942470384975643,1.4991463882573461,5,Mon,7
SNPS,2025-07-15 00:00:00-04:00,2025-07-22 00:00:00-04:00,BUY_STRONG,4,569.0999755859375,615.1300048828125,8.088214948433817,True,2.2349831119535777,1.7558192273391389,1.7494967748874237,5,Tue,7
SNPS,2025-07-17 00:00:00-04:00,2025-07-24 00:00:00-04:00,BUY_STRONG,4,589.010009765625,609.6799926757812,3.509275320869524,True,2.78775736455667,3.498512569639175,1.897753170896642,5,Thu,7
TTD,2025-02-20 00:00:00-05:00,2025-02-27 00:00:00-05:00,SELL_WEAK,2,75.7300033569336,71.48999786376953,5.598844982456827,True,1.2274553406714614,-5.372979492629526,2.8989760965644846,5,Thu,2
TTD,2025-03-11 00:00:00-04:00,2025-03-18 00:00:00-04:00,SELL_WEAK,2,58.84000015258789,53.59000015258789,8.922501676385695,True,1.2420148545241374,-9.35141452328217,5.1613259916907825,5,Tue,3
TTD,2025-03-13 00:00:00-04:00,2025-03-20 00:00:00-04:00,SELL_WEAK,2,53.880001068115234,55.84999847412109,-3.656268312829795,False,1.522685931116618,-8.429638123062626,5.77116471388835,5,Thu,3
TTD,2025-03-14 00:00:00-04:00,2025-03-21 00:00:00-04:00,SELL_WEAK,2,53.93999862670898,56.310001373291016,-4.393776060291751,False,1.6360960194834064,-10.398674513114429,6.484330938478822,5,Fri,3
TTD,2025-03-18 00:00:00-04:00,2025-03-25 00:00:00-04:00,SELL_WEAK,2,53.59000015258789,62.0,-15.69322601878363,False,1.3234314458916485,-0.6488663015052082,2.9056653124576703,5,Tue,3
TTD,2025-04-03 00:00:00-04:00,2025-04-10 00:00:00-04:00,SELL_WEAK,2,49.08000183105469,49.27000045776367,-0.38712025187571486,False,1.251472235120104,-14.04552864690746,8.156488464558779,5,Thu,4
TTD,2025-04-04 00:00:00-04:00,2025-04-11 00:00:00-04:00,SELL_WEAK,2,46.2400016784668,49.77999877929688,-7.6557027948348955,False,1.4804473450512499,-17.868557184582635,10.262130904632425,5,Fri,4
TTD,2025-04-07 00:00:00-04:00,2025-04-14 00:00:00-04:00,SELL_WEAK,2,46.34000015258789,48.63999938964844,-4.963312968250177,False,1.6656222120678026,-5.582725297970749,3.4129257425399406,5,Mon,4
TTD,2025-04-08 00:00:00-04:00,2025-04-15 00:00:00-04:00,SELL_STRONG,4,45.27000045776367,49.2400016784668,-8.769607202471944,False,1.408896760359847,-2.097753428834408,1.2862160244107155,5,Tue,4
TTD,2025-05-06 00:00:00-04:00,2025-05-13 00:00:00-04:00,BUY_STRONG,4,55.630001068115234,78.13999938964844,40.463774742645086,True,1.4063290417888594,2.847108358630063,1.5507849186047369,5,Tue,5
TTD,2025-05-07 00:00:00-04:00,2025-05-14 00:00:00-04:00,BUY_STRONG,4,56.459999084472656,79.13999938964844,40.170033072871796,True,1.3649842129869796,1.729728080130912,0.9322750190022178,5,Wed,5
TTD,2025-06-05 00:00:00-04:00,2025-06-12 00:00:00-04:00,SELL_WEAK,2,71.11000061035156,70.56999969482422,0.7593881463822336,True,1.3472023964214377,-4.422044150607936,3.4053479894776237,5,Thu,6
TTD,2025-06-06 00:00:00-04:00,2025-06-13 00:00:00-04:00,SELL_WEAK,2,71.45999908447266,67.95999908447266,4.897845010972726,True,1.6684120933314546,-6.035507933065182,3.7827776753925146,5,Fri,6
TTD,2025-06-09 00:00:00-04:00,2025-06-16 00:00:00-04:00,SELL_MODERATE,3,71.48999786376953,70.25,1.7345053865191826,True,1.7244455102523746,0.53437948271182,0.29608252901172505,5,Mon,6
TTD,2025-06-18 00:00:00-04:00,2025-06-26 00:00:00-04:00,SELL_WEAK,2,68.66000366210938,68.0199966430664,0.9321395061272947,True,1.2072562258489032,-2.2633399827624556,1.9104323229519646,5,Wed,6
TTD,2025-06-27 00:00:00-04:00,2025-07-07 00:00:00-04:00,SELL_WEAK,2,69.33000183105469,73.55999755859375,-6.101248544384632,False,1.2386308188618709,-0.6733541549484053,1.335909914612077,5,Fri,6
TTD,2025-07-17 00:00:00-04:00,2025-07-24 00:00:00-04:00,BUY_STRONG,4,81.44000244140625,85.0,4.371313177642727,True,9.927195753709803,1.293533452474614,0.6592756957296146,5,Thu,7
QS,2025-03-04 00:00:00-05:00,2025-03-11 00:00:00-04:00,SELL_WEAK,2,4.420000076293945,4.239999771118164,4.072405024180606,True,1.368992081897469,-5.756929160604955,4.876564525063808,5,Tue,3
QS,2025-04-01 00:00:00-04:00,2025-04-08 00:00:00-04:00,SELL_WEAK,2,4.079999923706055,3.470000028610229,14.950978100551879,True,1.2499706307017997,-5.773672157158482,3.047051680462293,5,Tue,4
QS,2025-04-02 00:00:00-04:00,2025-04-09 00:00:00-04:00,SELL_WEAK,2,4.099999904632568,4.050000190734863,1.2195052453833148,True,1.3995907009190576,-1.442306369719372,1.0121543284926013,5,Wed,4
QS,2025-04-03 00:00:00-04:00,2025-04-10 00:00:00-04:00,SELL_STRONG,4,3.990000009536743,3.7699999809265137,5.513785165022405,True,1.357619469311662,-2.205880290496682,1.444402572009495,5,Thu,4
QS,2025-04-04 00:00:00-04:00,2025-04-11 00:00:00-04:00,SELL_WEAK,2,3.829999923706055,3.7699999809265137,1.5665781716643796,True,1.4624027672150395,-6.585365541629444,3.4170153669516883,5,Fri,4
QS,2025-04-07 00:00:00-04:00,2025-04-14 00:00:00-04:00,SELL_WEAK,2,3.7200000286102295,3.809999942779541,-2.419352512826054,False,1.460277820882799,-6.766916799026822,3.5295340342047536,5,Mon,4
QS,2025-04-08 00:00:00-04:00,2025-04-15 00:00:00-04:00,SELL_WEAK,2,3.470000028610229,3.7899999618530273,-9.221900017417624,False,1.3907905684677635,-9.399475255014531,5.0221745136790075,5,Tue,4
QS,2025-04-11 00:00:00-04:00,2025-04-21 00:00:00-04:00,SELL_WEAK,2,3.7699999809265137,3.799999952316284,-0.7957552133036808,False,1.2199088857665943,-6.913585101771173,4.1844226327272205,5,Fri,4
QS,2025-04-24 00:00:00-04:00,2025-05-01 00:00:00-04:00,BUY_STRONG,4,3.9600000381469727,3.920000076293945,-1.0101000370632627,False,1.2364954553514573,2.325585406958964,1.48843521099322,5,Thu,4
QS,2025-04-25 00:00:00-04:00,2025-05-02 00:00:00-04:00,SELL_WEAK,2,3.940000057220459,3.990000009536743,-1.2690343043181962,False,1.2723172602747912,-1.0050241623450802,0.5050500185316258,5,Fri,4
QS,2025-05-15 00:00:00-04:00,2025-05-22 00:00:00-04:00,SELL_WEAK,2,4.260000228881836,3.9700000286102295,6.80751607254551,True,1.2033986034109363,-1.1600861847218495,0.7481479033047895,5,Thu,5
QS,2025-05-19 00:00:00-04:00,2025-05-27 00:00:00-04:00,SELL_WEAK,2,3.9700000286102295,3.990000009536743,-0.5037778534604955,False,3.024825122669563,-6.80751607254551,8.878151603429533,5,Mon,5
QS,2025-05-20 00:00:00-04:00,2025-05-28 00:00:00-04:00,SELL_WEAK,2,3.990000009536743,4.320000171661377,-8.270680735235093,False,2.9086013537883537,-15.644820434518614,10.239436273781417,5,Tue,5
QS,2025-05-21 00:00:00-04:00,2025-05-29 00:00:00-04:00,SELL_STRONG,4,3.910000085830689,4.059999942779541,-3.8363133927395876,False,1.7984348259880378,-1.5113335603814755,1.0522311672245297,5,Wed,5
QS,2025-06-30 00:00:00-04:00,2025-07-08 00:00:00-04:00,SELL_WEAK,2,6.71999979019165,8.180000305175781,-21.7261988179689,False,4.146348564500331,-12.156866582772416,8.11827107172952,5,Mon,6
QS,2025-07-01 00:00:00-04:00,2025-07-09 00:00:00-04:00,SELL_STRONG,4,6.360000133514404,8.359999656677246,-31.446532722911808,False,1.4175377436663772,-3.927488769476313,2.829918113300553,5,Tue,7
FCX,2025-03-04 00:00:00-05:00,2025-03-11 00:00:00-04:00,SELL_WEAK,2,34.630672454833984,35.60310745239258,-2.808016502789147,False,1.2205356800120548,-5.445676552999446,2.873270228238163,5,Tue,3
FCX,2025-03-07 00:00:00-05:00,2025-03-14 00:00:00-04:00,SELL_STRONG,4,36.65492630004883,38.55018997192383,-5.17055649317313,False,1.5435980965521716,-3.197078685960756,1.6348715713514115,5,Fri,3
FCX,2025-03-10 00:00:00-04:00,2025-03-17 00:00:00-04:00,SELL_WEAK,2,34.233760833740234,39.20509338378906,-14.521724838216327,False,1.210483379691566,-8.439482728874621,4.574805515162823,5,Mon,3
FCX,2025-03-24 00:00:00-04:00,2025-03-31 00:00:00-04:00,BUY_STRONG,4,41.28889083862305,37.56782913208008,-9.012258820627265,False,1.288457703138524,2.2358711334972146,1.6959286091071921,5,Mon,3
FCX,2025-04-04 00:00:00-04:00,2025-04-11 00:00:00-04:00,SELL_WEAK,2,28.92504501342773,33.09263229370117,-14.40823092354305,False,1.55817097456856,-23.69109945009482,13.462232432738693,5,Fri,4
FCX,2025-04-07 00:00:00-04:00,2025-04-14 00:00:00-04:00,SELL_WEAK,2,30.135631561279297,33.48954772949219,-11.129403946264972,False,2.0771771567277617,-9.370337589361974,7.253647729838231,5,Mon,4
FCX,2025-04-08 00:00:00-04:00,2025-04-15 00:00:00-04:00,SELL_MODERATE,3,28.984582901000977,33.26029968261719,-14.751693326829104,False,2.02620680780046,0.20583507318867356,2.325150717520401,5,Tue,4
FCX,2025-06-30 00:00:00-04:00,2025-07-08 00:00:00-04:00,SELL_STRONG,4,43.20749282836914,46.117897033691406,-6.735878466457454,False,1.4425620422731518,-2.496632192750914,1.2652698440136534,5,Mon,6
FCX,2025-07-07 00:00:00-04:00,2025-07-14 00:00:00-04:00,SELL_WEAK,2,44.98164367675781,45.47999954223633,-1.1079094153600662,False,1.478476258051901,-1.3982987884576903,0.8305677494527329,5,Mon,7
FCX,2025-07-08 00:00:00-04:00,2025-07-15 00:00:00-04:00,BUY_STRONG,4,46.117897033691406,44.119998931884766,-4.332153524578706,False,1.9027554973966443,1.0262037397527326,1.2527337631280868,5,Tue,7
FCX,2025-07-09 00:00:00-04:00,2025-07-16 00:00:00-04:00,BUY_STRONG,4,45.44013214111328,43.97999954223633,-3.213310635502874,False,2.314834087298896,1.0192790366892963,1.255991368385539,5,Wed,7
FCX,2025-07-10 00:00:00-04:00,2025-07-17 00:00:00-04:00,BUY_STRONG,4,47.054805755615234,44.459999084472656,-5.514434985916247,False,2.1926574403041803,2.031551267915295,1.7548056736252222,5,Thu,7
WBD,2025-02-20 00:00:00-05:00,2025-02-27 00:00:00-05:00,BUY_STRONG,4,11.039999961853027,11.0,-0.36231849629747176,False,1.375001449458196,3.9548030209026197,1.9616409434085307,5,Thu,2
WBD,2025-02-21 00:00:00-05:00,2025-02-28 00:00:00-05:00,SELL_WEAK,2,10.779999732971191,11.460000038146973,-6.307980723746819,False,1.3888481461603277,-1.0101065829535056,1.1969908423572522,5,Fri,2
WBD,2025-02-24 00:00:00-05:00,2025-03-03 00:00:00-05:00,BUY_MODERATE,3,11.09000015258789,11.020000457763672,-0.6311965181342588,False,1.4744170675094048,0.4529002799604259,1.5171683678138508,5,Mon,2
WBD,2025-02-25 00:00:00-05:00,2025-03-04 00:00:00-05:00,SELL_MODERATE,3,10.6899995803833,11.31999969482422,-5.893359580640231,False,1.6055750663979138,-0.8348808424606956,1.9334291394037022,5,Tue,2
WBD,2025-02-26 00:00:00-05:00,2025-03-05 00:00:00-05:00,SELL_STRONG,4,10.5,11.43000030517578,-8.857145763578853,False,1.783297790499679,-5.320109508296192,2.7989269682510094,5,Wed,2
WBD,2025-03-03 00:00:00-05:00,2025-03-10 00:00:00-04:00,SELL_MODERATE,3,11.020000457763672,10.59000015258789,3.901998977439632,True,2.1195185716490332,0.18182234330610794,2.3297481623006386,5,Mon,3
WBD,2025-03-04 00:00:00-05:00,2025-03-11 00:00:00-04:00,SELL_WEAK,2,11.31999969482422,10.369999885559082,8.392224689718866,True,1.3160192473792285,-1.2216434804252367,1.9952301637736012,5,Tue,3
WBD,2025-03-25 00:00:00-04:00,2025-04-01 00:00:00-04:00,BUY_STRONG,4,10.979999542236328,10.210000038146973,-7.0127462312491815,False,1.2367469428585038,2.234634788015244,1.2459725707461295,5,Tue,3
WBD,2025-03-28 00:00:00-04:00,2025-04-04 00:00:00-04:00,SELL_WEAK,2,10.369999885559082,8.069999694824219,22.179365632759236,True,1.2720968362185956,-5.98367963182464,3.4749546702703005,5,Fri,3
WBD,2025-03-31 00:00:00-04:00,2025-04-07 00:00:00-04:00,SELL_STRONG,4,10.729999542236328,8.09000015258789,24.603909620467824,True,1.6905355296818358,-2.543148781332445,2.9974998846933496,5,Mon,3
WBD,2025-04-01 00:00:00-04:00,2025-04-08 00:00:00-04:00,SELL_STRONG,4,10.210000038146973,7.690000057220459,24.681684343890286,True,1.5330146398686533,-1.5429107924573833,2.5518959625069946,5,Tue,4
WBD,2025-04-02 00:00:00-04:00,2025-04-09 00:00:00-04:00,SELL_STRONG,4,10.5600004196167,9.260000228881836,12.310607377627832,True,1.30513500600753,-1.5843348543535725,2.525155235639026,5,Wed,4
WBD,2025-04-07 00:00:00-04:00,2025-04-14 00:00:00-04:00,SELL_WEAK,2,8.09000015258789,8.020000457763672,0.8652619716184643,True,1.2323726082780917,-11.681219570396783,7.3888440787994485,5,Mon,4
WBD,2025-05-07 00:00:00-04:00,2025-05-14 00:00:00-04:00,BUY_STRONG,4,8.5600004196167,9.210000038146973,7.593453115267244,True,1.2267033542904675,2.270018359085389,1.148962015948219,5,Wed,5
WBD,2025-05-12 00:00:00-04:00,2025-05-19 00:00:00-04:00,BUY_STRONG,4,9.229999542236328,9.050000190734863,-1.95015558427485,False,1.322205210665199,2.441723726590789,1.249262308609069,5,Mon,5
WBD,2025-05-30 00:00:00-04:00,2025-06-06 00:00:00-04:00,SELL_MODERATE,3,9.970000267028809,9.81999969482422,1.5045192395896516,True,1.5931213752597653,-0.499003876752543,0.36019392028288005,5,Fri,5
WBD,2025-06-09 00:00:00-04:00,2025-06-16 00:00:00-04:00,SELL_WEAK,2,9.529999732971191,10.760000228881836,-12.906616268363361,False,1.922947788995659,-1.243522179303015,1.5074132196085503,5,Mon,6
WBD,2025-06-24 00:00:00-04:00,2025-07-01 00:00:00-04:00,BUY_STRONG,4,10.899999618530272,10.9399995803833,0.366972139935016,True,1.2175582133561802,3.6121591656981686,1.7830598704308496,5,Tue,6
WBD,2025-06-30 00:00:00-04:00,2025-07-08 00:00:00-04:00,BUY_STRONG,4,11.460000038146973,11.40999984741211,-0.43630183742083195,False,1.2360497058302073,2.7802729167946234,1.3715165375708962,5,Mon,6
WBD,2025-07-01 00:00:00-04:00,2025-07-09 00:00:00-04:00,SELL_WEAK,2,10.9399995803833,11.489999771118164,-5.027424239769424,False,1.2805388693165376,-3.185846055531357,2.3709204518930034,5,Tue,7
WBD,2025-07-15 00:00:00-04:00,2025-07-22 00:00:00-04:00,BUY_STRONG,4,12.029999732971191,12.850000381469728,6.816298143807287,True,1.3175409606699813,2.557546482884757,1.40673901628794,5,Tue,7
DDOG,2025-03-11 00:00:00-04:00,2025-03-18 00:00:00-04:00,SELL_WEAK,2,101.95999908447266,102.93000030517578,-0.9513546777295382,False,1.3410564696114036,-6.996258652835248,4.3293534505338505,5,Tue,3
DDOG,2025-03-12 00:00:00-04:00,2025-03-19 00:00:00-04:00,BUY_MODERATE,3,102.02999877929688,104.43000030517578,2.3522508620924296,True,1.4136696718035262,0.3738290680902999,0.19850410592198559,5,Wed,3
DDOG,2025-04-03 00:00:00-04:00,2025-04-10 00:00:00-04:00,SELL_WEAK,2,94.47000122070312,93.18000030517578,1.36551381270083,True,1.2434903079678177,-6.520875219762214,4.04277556045078,5,Thu,4
DDOG,2025-04-04 00:00:00-04:00,2025-04-11 00:00:00-04:00,SELL_WEAK,2,87.93000030517578,92.0199966430664,-4.651423090749014,False,1.5135968107123041,-13.548322587096129,7.278478699177829,5,Fri,4
DDOG,2025-04-07 00:00:00-04:00,2025-04-14 00:00:00-04:00,SELL_WEAK,2,88.19999694824219,91.87999725341795,-4.172336091275918,False,1.937175662376922,-6.637032064615729,4.102431626849149,5,Mon,4
DDOG,2025-04-08 00:00:00-04:00,2025-04-15 00:00:00-04:00,SELL_WEAK,2,87.0,92.5500030517578,-6.379313852595169,False,2.032877641230394,-1.0576598452724435,0.717731731417673,5,Tue,4
DDOG,2025-04-11 00:00:00-04:00,2025-04-21 00:00:00-04:00,SELL_WEAK,2,92.0199966430664,88.91999816894531,3.3688313271142403,True,1.3002919252450158,-5.562403184050668,3.0292268395841493,5,Fri,4
DDOG,2025-05-05 00:00:00-04:00,2025-05-12 00:00:00-04:00,SELL_MODERATE,3,105.6999969482422,113.41999816894533,-7.303691053542181,False,1.7510777991418847,-0.5831478069616657,0.6249483118798009,5,Mon,5
DDOG,2025-05-06 00:00:00-04:00,2025-05-13 00:00:00-04:00,BUY_STRONG,4,106.05999755859376,117.30999755859376,10.607203713902445,True,1.9860295653384699,1.0095214843750135,0.5104906465825365,5,Tue,5
DDOG,2025-05-07 00:00:00-04:00,2025-05-14 00:00:00-04:00,SELL_MODERATE,3,106.0199966430664,119.08999633789062,-12.327862769913587,False,1.9698574192481781,0.302743334023839,0.18627552460552943,5,Wed,5
DDOG,2025-05-08 00:00:00-04:00,2025-05-15 00:00:00-04:00,BUY_STRONG,4,109.22000122070312,117.13999938964844,7.251417396472289,True,1.7144478082106283,2.979449118281932,1.7143652627626027,5,Thu,5
DDOG,2025-06-02 00:00:00-04:00,2025-06-09 00:00:00-04:00,BUY_STRONG,4,117.73999786376952,121.16999816894533,2.913198885177894,True,1.3260113364283075,0.6324768066406129,0.4022989484910181,5,Mon,6
DDOG,2025-06-03 00:00:00-04:00,2025-06-10 00:00:00-04:00,BUY_STRONG,4,118.66000366210938,119.91000366210938,1.053429935464557,True,1.4631109325912006,0.6616953061294748,0.4197683349649808,5,Tue,6
DDOG,2025-06-04 00:00:00-04:00,2025-06-11 00:00:00-04:00,BUY_STRONG,4,119.6999969482422,118.62999725341795,-0.893901188056764,False,1.2291426333967197,1.6646841515493247,0.8261259249411493,5,Wed,6
DDOG,2025-06-05 00:00:00-04:00,2025-06-12 00:00:00-04:00,BUY_STRONG,4,121.75,122.68000030517578,0.7638606202675822,True,1.3018054467378226,2.6040757142478714,1.3098238108887423,5,Thu,6
DDOG,2025-06-06 00:00:00-04:00,2025-06-13 00:00:00-04:00,BUY_STRONG,4,122.16000366210938,120.4499969482422,-1.399808990344333,False,1.392922864759696,2.0551435059191108,1.0874029906056655,5,Fri,6
DDOG,2025-07-08 00:00:00-04:00,2025-07-15 00:00:00-04:00,SELL_WEAK,2,145.94000244140625,140.55999755859375,3.686449768953875,True,9.757532946292576,-5.936185509116426,3.1284722432742407,5,Tue,7
DDOG,2025-07-09 00:00:00-04:00,2025-07-16 00:00:00-04:00,SELL_WEAK,2,142.75,139.36000061035156,2.374780658247592,True,5.496822726916959,-6.338169037463875,3.3474964153631714,5,Wed,7
DDOG,2025-07-10 00:00:00-04:00,2025-07-17 00:00:00-04:00,SELL_WEAK,2,137.49000549316406,143.14999389648438,-4.116654431002786,False,4.452329320177194,-5.79004851780429,3.0036929811200452,5,Thu,7
SVM,2025-02-21 00:00:00-05:00,2025-02-28 00:00:00-05:00,SELL_WEAK,2,3.619999885559082,3.5299999713897705,2.4861855528874335,True,1.2487993931199872,-1.3624029889763447,1.3623997702705892,5,Fri,2
SVM,2025-03-14 00:00:00-04:00,2025-03-21 00:00:00-04:00,BUY_STRONG,4,4.079999923706055,4.0,-1.960782480441495,False,1.264825890595231,2.512560405862701,1.3097766400304576,5,Fri,3
SVM,2025-04-01 00:00:00-04:00,2025-04-08 00:00:00-04:00,SELL_WEAK,2,3.839999914169312,3.220000028610229,16.145830713988556,True,1.2244137652727336,-1.030932966283424,0.5388283625684389,5,Tue,4
SVM,2025-05-08 00:00:00-04:00,2025-05-15 00:00:00-04:00,SELL_STRONG,4,3.640000104904175,3.5999999046325684,1.0989065691980104,True,1.3623084199494273,-5.454540387798655,2.806043847512401,5,Thu,5
SVM,2025-05-12 00:00:00-04:00,2025-05-19 00:00:00-04:00,SELL_WEAK,2,3.619999885559082,3.5999999046325684,0.5524856784194297,True,1.3587329943658102,-0.549456559579393,3.287978757386365,5,Mon,5
SVM,2025-06-04 00:00:00-04:00,2025-06-11 00:00:00-04:00,BUY_STRONG,4,4.210000038146973,4.239999771118164,0.7125827244504197,True,1.2472046458712729,1.2019277059821973,0.8646429576719181,5,Wed,6
SVM,2025-06-06 00:00:00-04:00,2025-06-13 00:00:00-04:00,SELL_WEAK,2,4.170000076293945,4.28000020980835,-2.6378928417710257,False,1.4043628117620837,-0.9501178501326877,1.9653790791379653,5,Fri,6
SVM,2025-06-11 00:00:00-04:00,2025-06-18 00:00:00-04:00,SELL_STRONG,4,4.239999771118164,4.309999942779541,-1.650947533964528,False,1.3287678682939574,-3.1963547868679485,1.7636383461142713,5,Wed,6
SVM,2025-07-09 00:00:00-04:00,2025-07-16 00:00:00-04:00,SELL_WEAK,2,4.650000095367432,4.670000076293945,-0.43010710787809825,False,1.2024258142516586,-4.123707488614652,2.448125998703792,5,Wed,7
U,2025-02-24 00:00:00-05:00,2025-03-03 00:00:00-05:00,SELL_STRONG,4,27.280000686645508,23.700000762939453,13.123166545441425,True,4.571684628489797,-2.571426119123186,1.9417585882817445,5,Mon,2
U,2025-02-25 00:00:00-05:00,2025-03-04 00:00:00-05:00,SELL_WEAK,2,25.649999618530277,24.71999931335449,3.625732237843505,True,2.086917213469441,-9.491886095886185,5.0019490165305065,5,Tue,2
U,2025-02-26 00:00:00-05:00,2025-03-05 00:00:00-05:00,SELL_WEAK,2,26.51000022888184,25.399999618530277,4.187101474040165,True,1.2805757497848138,-2.8225822521353887,3.079360026374348,5,Wed,2
U,2025-03-31 00:00:00-04:00,2025-04-07 00:00:00-04:00,SELL_WEAK,2,19.59000015258789,17.25,11.944870517414317,True,1.3647707007033703,-9.221500362157586,4.838789472834469,5,Mon,3
U,2025-04-01 00:00:00-04:00,2025-04-08 00:00:00-04:00,SELL_STRONG,4,20.190000534057617,16.75,17.03813988639987,True,1.355346440968407,-1.703993991573494,2.389513633422737,5,Tue,4
U,2025-04-04 00:00:00-04:00,2025-04-11 00:00:00-04:00,SELL_WEAK,2,16.920000076293945,19.229999542236328,-13.652479051574279,False,1.4904089386280188,-19.08177809772667,10.916308900621944,5,Fri,4
U,2025-04-07 00:00:00-04:00,2025-04-14 00:00:00-04:00,SELL_WEAK,2,17.25,18.15999984741211,-5.275361434273098,False,2.0205289473419663,-5.167677330727008,3.7755773093573906,5,Mon,4
U,2025-04-08 00:00:00-04:00,2025-04-15 00:00:00-04:00,SELL_WEAK,2,16.75,18.81999969482422,-12.358207133278917,False,1.8308997921642116,-1.004728578767129,1.497825163936031,5,Tue,4
U,2025-05-07 00:00:00-04:00,2025-05-14 00:00:00-04:00,SELL_STRONG,4,20.65999984741211,21.540000915527344,-4.259443729983687,False,1.9290275569106938,-3.7727037347344208,2.037489399113222,5,Wed,5
U,2025-05-08 00:00:00-04:00,2025-05-15 00:00:00-04:00,SELL_STRONG,4,20.649999618530277,21.21999931335449,-2.7602891300429975,False,2.294381406786683,-3.1425895210336017,1.8392326501193652,5,Thu,5
U,2025-05-09 00:00:00-04:00,2025-05-16 00:00:00-04:00,SELL_MODERATE,3,20.559999465942383,22.809999465942383,-10.94358005080264,False,2.1815879002513454,-0.4840289555096618,0.26705610317951367,5,Fri,5
U,2025-06-03 00:00:00-04:00,2025-06-10 00:00:00-04:00,SELL_MODERATE,3,26.200000762939453,24.84000015258789,5.190841873086191,True,1.790951349858767,0.460125918652033,0.31813568312178875,5,Tue,6
U,2025-06-04 00:00:00-04:00,2025-06-11 00:00:00-04:00,SELL_WEAK,2,26.059999465942383,24.229999542236328,7.02225618268975,True,1.2541270143074905,-0.685976778757079,0.3612101641703175,5,Wed,6
U,2025-06-05 00:00:00-04:00,2025-06-12 00:00:00-04:00,SELL_WEAK,2,24.790000915527344,24.979999542236328,-0.7664325118680321,False,1.2221251161870916,-5.3816786502029,3.024565741533754,5,Thu,6
U,2025-06-06 00:00:00-04:00,2025-06-13 00:00:00-04:00,SELL_WEAK,2,25.1299991607666,23.65999984741211,5.849579635678942,True,1.2623692679968825,-3.5686888880837917,2.5958568268847424,5,Fri,6
U,2025-07-10 00:00:00-04:00,2025-07-17 00:00:00-04:00,SELL_WEAK,2,29.15999984741211,36.52000045776367,-25.240057094872544,False,1.3135476243579927,-0.8163257626945688,0.4321106041004771,5,Thu,7
INTR,2025-02-28 00:00:00-05:00,2025-03-07 00:00:00-05:00,BUY_STRONG,4,5.360000133514404,5.519999980926514,2.985071705720311,True,4.804983639819899,1.3232546723281389,0.6777370401146151,5,Fri,2
INTR,2025-03-03 00:00:00-05:00,2025-03-10 00:00:00-04:00,SELL_WEAK,2,5.059999942779541,5.239999771118164,-3.557308900674536,False,4.810557294959791,-4.708097979171286,3.0653702805913854,5,Mon,3
INTR,2025-03-04 00:00:00-05:00,2025-03-11 00:00:00-04:00,SELL_WEAK,2,5.130000114440918,5.159999847412109,-0.5847901033518956,False,4.936074345254858,-4.291045025080655,3.027977642759969,5,Tue,3
INTR,2025-04-04 00:00:00-04:00,2025-04-11 00:00:00-04:00,SELL_WEAK,2,5.440000057220459,5.400000095367432,0.7352934086817846,True,1.3169332039326553,-1.449273985189887,2.010021332611647,5,Fri,4
INTR,2025-04-07 00:00:00-04:00,2025-04-14 00:00:00-04:00,SELL_WEAK,2,5.099999904632568,5.570000171661377,-9.215691682697589,False,1.7640888130953316,-9.893992188632067,5.2247168030770785,5,Mon,4
INTR,2025-04-08 00:00:00-04:00,2025-04-15 00:00:00-04:00,SELL_WEAK,2,5.039999961853027,5.579999923706055,-10.714285038496085,False,1.7976357860750924,-7.3529428522066915,4.153708545416018,5,Tue,4
INTR,2025-04-28 00:00:00-04:00,2025-05-05 00:00:00-04:00,SELL_WEAK,2,6.590000152587891,6.639999866485596,-0.7587209823974012,False,1.2087706920725194,-1.3473005698132805,0.7421569842114919,5,Mon,4
INTR,2025-05-06 00:00:00-04:00,2025-05-13 00:00:00-04:00,BUY_STRONG,4,6.730000019073486,7.079999923706055,5.200592921851917,True,1.204638567336892,2.591464600255995,1.2802164563175575,5,Tue,5
INTR,2025-05-07 00:00:00-04:00,2025-05-14 00:00:00-04:00,BUY_STRONG,4,6.75,7.070000171661377,4.740743283872251,True,2.0460618098413375,1.6566285500940068,0.8736789193163816,5,Wed,5
INTR,2025-05-12 00:00:00-04:00,2025-05-19 00:00:00-04:00,SELL_STRONG,4,6.730000019073486,6.96999979019165,-3.5661184314707426,False,2.4984674983253075,-4.267427905852678,2.8797287672960734,5,Mon,5
INTR,2025-05-13 00:00:00-04:00,2025-05-20 00:00:00-04:00,SELL_MODERATE,3,7.079999923706055,7.0,1.1299424374029994,True,1.6659812729343286,-0.4219438712376056,3.0296276845577466,5,Tue,5
INTR,2025-06-02 00:00:00-04:00,2025-06-09 00:00:00-04:00,SELL_WEAK,2,6.989999771118164,6.800000190734863,2.7181628984933037,True,1.2586122797390402,-3.319505495465793,1.6889259700308092,5,Mon,6
INTR,2025-06-20 00:00:00-04:00,2025-06-27 00:00:00-04:00,SELL_WEAK,2,7.420000076293945,7.349999904632568,0.9433985302105254,True,1.4738537720371088,-0.6693402316203049,0.9480527063687062,5,Fri,6
INTR,2025-06-23 00:00:00-04:00,2025-06-30 00:00:00-04:00,SELL_WEAK,2,7.480000019073486,7.429999828338623,0.6684517460877838,True,1.6462800430651776,-1.0582000570312384,0.9381695180210317,5,Mon,6
INTR,2025-06-24 00:00:00-04:00,2025-07-01 00:00:00-04:00,BUY_STRONG,4,7.539999961853027,7.150000095367432,-5.1724120485240626,False,1.85405135301353,1.6172491148951331,0.8021382704083594,5,Tue,6
INTR,2025-06-25 00:00:00-04:00,2025-07-02 00:00:00-04:00,SELL_WEAK,2,7.320000171661377,6.929999828338623,5.327873417716571,True,1.2778864936423078,-2.139035387755625,1.5271894113027331,5,Wed,6
INTR,2025-07-01 00:00:00-04:00,2025-07-09 00:00:00-04:00,SELL_WEAK,2,7.150000095367432,7.050000190734863,1.3986000461364954,True,1.2217510674261596,-2.721085875648523,1.9729400082984814,5,Tue,7
INTR,2025-07-02 00:00:00-04:00,2025-07-10 00:00:00-04:00,SELL_WEAK,2,6.929999828338623,6.940000057220459,-0.144303450642846,False,1.317765529365904,-6.729475256418706,3.4951084233757355,5,Wed,7
INTR,2025-07-03 00:00:00-04:00,2025-07-11 00:00:00-04:00,SELL_WEAK,2,7.050000190734863,6.849999904632568,2.8368834140619748,True,1.2357484530653442,-1.3986000461364954,1.5639122187368644,5,Thu,7
MRVL,2025-02-25 00:00:00-05:00,2025-03-04 00:00:00-05:00,SELL_WEAK,2,92.81847381591795,88.1575927734375,5.021501486572745,True,1.442064838414037,-10.413256940745182,5.509518261115953,5,Tue,2
MRVL,2025-02-26 00:00:00-05:00,2025-03-05 00:00:00-05:00,SELL_STRONG,4,94.71477508544922,89.96406555175781,5.015806171112627,True,1.5184413042770764,-3.0742542362665453,2.5987497414322194,5,Wed,2
MRVL,2025-02-27 00:00:00-05:00,2025-03-06 00:00:00-05:00,SELL_WEAK,2,87.47891998291016,72.138916015625,17.53565769934285,True,1.7229241533440844,-5.752684367120125,4.092894500527427,5,Thu,2
MRVL,2025-02-28 00:00:00-05:00,2025-03-07 00:00:00-05:00,SELL_WEAK,2,91.64078521728516,70.70172882080078,22.849058251559896,True,1.4889416198591086,-3.2455230616245334,3.978532978680286,5,Fri,2
MRVL,2025-03-03 00:00:00-05:00,2025-03-10 00:00:00-04:00,SELL_WEAK,2,85.6624755859375,65.54182434082031,23.48829065175911,True,1.6041584025574016,-2.076436697352363,3.472524883611684,5,Mon,3
MRVL,2025-03-04 00:00:00-05:00,2025-03-11 00:00:00-04:00,SELL_WEAK,2,88.1575927734375,67.02891540527344,23.966940003073997,True,1.458153607895209,-3.8009194657038594,3.3934187521762054,5,Tue,3
MRVL,2025-03-06 00:00:00-05:00,2025-03-13 00:00:00-04:00,SELL_WEAK,2,72.138916015625,68.62579345703125,4.869940876063097,True,2.349052000599915,-18.170501545998473,11.761582837600661,5,Thu,3
MRVL,2025-03-07 00:00:00-05:00,2025-03-14 00:00:00-04:00,SELL_WEAK,2,70.70172882080078,68.60582733154297,2.9644274959245247,True,2.5208760142224658,-21.411145230953455,13.827456938347352,5,Fri,3
MRVL,2025-03-10 00:00:00-04:00,2025-03-17 00:00:00-04:00,SELL_WEAK,2,65.54182434082031,70.26258850097656,-7.2026743344952875,False,2.230731662539298,-9.14498309535977,4.994457871179769,5,Mon,3
MRVL,2025-03-11 00:00:00-04:00,2025-03-18 00:00:00-04:00,SELL_WEAK,2,67.02891540527344,68.14672088623047,-1.6676466778531358,False,1.2639287094493588,-5.1948000095392075,3.919843190001048,5,Tue,3
MRVL,2025-03-28 00:00:00-04:00,2025-04-04 00:00:00-04:00,SELL_WEAK,2,61.918907165527344,49.33352279663086,20.32559188302867,True,1.360681393170815,-7.070098578003907,3.6789666223053663,5,Fri,3
MRVL,2025-03-31 00:00:00-04:00,2025-04-07 00:00:00-04:00,SELL_WEAK,2,61.449825286865234,50.90045928955078,17.16744669015252,True,1.2738920822198048,-5.072467184309897,2.8323756082119953,5,Mon,3
MRVL,2025-04-01 00:00:00-04:00,2025-04-08 00:00:00-04:00,BUY_STRONG,4,62.54767608642578,49.93234634399414,-20.169142215612137,False,1.2138601264319815,1.015471605817516,0.8888794697443827,5,Tue,4
MRVL,2025-04-03 00:00:00-04:00,2025-04-10 00:00:00-04:00,SELL_WEAK,2,55.53139877319336,52.76680374145508,4.9784357909472154,True,1.2486509516777935,-11.21748680724384,6.989711953733034,5,Thu,4
MRVL,2025-04-04 00:00:00-04:00,2025-04-11 00:00:00-04:00,SELL_WEAK,2,49.33352279663086,53.34633255004883,-8.134042585931073,False,1.8402888238367223,-21.82507635248043,12.319943173265235,5,Fri,4
MRVL,2025-04-07 00:00:00-04:00,2025-04-14 00:00:00-04:00,SELL_WEAK,2,50.90045928955078,52.21725463867188,-2.5870009180672016,False,2.256714056596343,-8.33931718982391,6.206824196501203,5,Mon,4
MRVL,2025-04-08 00:00:00-04:00,2025-04-15 00:00:00-04:00,BUY_STRONG,4,49.93234634399414,53.2763900756836,6.6971491959373575,True,2.1743525512897057,1.2138268532572274,1.5796238360099726,5,Tue,4
MRVL,2025-04-11 00:00:00-04:00,2025-04-21 00:00:00-04:00,SELL_WEAK,2,53.34633255004883,49.33961486816406,7.510765014869046,True,1.3630160061552623,-12.318470244133417,8.092671574778667,5,Fri,4
MRVL,2025-05-07 00:00:00-04:00,2025-05-14 00:00:00-04:00,SELL_WEAK,2,56.263946533203125,65.84609985351562,-17.030716668013625,False,1.247802497335834,-9.148107511976423,5.1435527051179175,5,Wed,5
MRVL,2025-05-08 00:00:00-04:00,2025-05-15 00:00:00-04:00,SELL_WEAK,2,57.58286666870117,65.14666748046875,-13.135505835937893,False,1.5003321040268047,-5.864095095018312,4.351936360838599,5,Thu,5
MRVL,2025-05-20 00:00:00-04:00,2025-05-28 00:00:00-04:00,SELL_WEAK,2,61.3697624206543,64.53717041015625,-5.161186657023698,False,1.2030643904303968,-3.6700112510725753,1.8698109603553923,5,Tue,5
MRVL,2025-05-29 00:00:00-04:00,2025-06-05 00:00:00-04:00,SELL_MODERATE,3,63.67787551879883,65.1067123413086,-2.2438512762379266,False,1.7087344241131568,-0.1410236339315043,0.7380338146025079,5,Thu,5
MRVL,2025-05-30 00:00:00-04:00,2025-06-06 00:00:00-04:00,SELL_WEAK,2,60.140769958496094,68.29409790039062,-13.557072760327554,False,2.091086131606743,-6.812198960257317,3.711314347866889,5,Fri,5
MRVL,2025-06-02 00:00:00-04:00,2025-06-09 00:00:00-04:00,SELL_STRONG,4,61.41972351074219,69.08345031738281,-12.477631562929869,False,1.9527453571880666,-3.546211285566514,2.900587155810843,5,Mon,6
MRVL,2025-06-03 00:00:00-04:00,2025-06-10 00:00:00-04:00,BUY_STRONG,4,62.30899810791016,68.78369140625,10.391265298675812,True,1.3825255468461444,3.6052550556143386,1.7783286507349843,5,Tue,6
MRVL,2025-06-23 00:00:00-04:00,2025-06-30 00:00:00-04:00,SELL_STRONG,4,70.72210693359375,77.3366928100586,-9.35292536275223,False,2.219631547152306,-5.563707369671238,2.898185289853385,5,Mon,6
