symbol,entry_date,exit_date,signal,confidence,entry_price,exit_price,return_pct,correct,volume_ratio,price_change_before,price_volatility,volume_trend,holding_days,week_start,month
AMD,2025-03-03,2025-03-10,SELL_WEAK,2,98.2300033569336,96.62999725341795,1.6288364540737872,True,1.346907948518011,-1.286301629804564,0.8649979395543121,-17.57310578731669,5,Mon,3
AMD,2025-04-04,2025-04-11,SELL_WEAK,2,85.76000213623047,93.4000015258789,-8.908581155947543,False,1.3832997378950491,-16.705513890040535,9.138546296407956,216.66346061363856,5,Fri,4
AMD,2025-04-07,2025-04-14,SELL_WEAK,2,83.63999938964844,94.5,-12.984218901961913,False,1.952857951418667,-10.831560054964159,6.1091406288782775,39.710535440091135,5,Mon,4
AMD,2025-04-08,2025-04-15,SELL_WEAK,2,78.20999908447266,95.29000091552734,-21.838642157004767,False,2.007465298255735,-8.803641398894289,4.71796653813021,6.170668367579379,5,Tue,4
AMD,2025-04-11,2025-04-21,SELL_WEAK,2,93.4000015258789,85.55999755859375,8.394008393150699,True,1.690644630264607,-3.5522459129480066,4.394730878473952,-40.821692082177385,5,Fri,4
AMD,2025-05-07,2025-05-14,SELL_MODERATE,3,100.36000061035156,117.72000122070312,-17.29772868152113,False,1.938998872764265,-0.22864672026280491,1.0786847134352244,109.53890217573039,5,Wed,5
AMD,2025-05-08,2025-05-15,BUY_STRONG,4,101.6999969482422,114.98999786376952,13.067847900025942,True,2.0290185828326615,3.12309279647318,1.5408275347683191,-0.060629179773807884,5,Thu,5
AMD,2025-05-09,2025-05-16,BUY_STRONG,4,102.83999633789062,117.16999816894533,13.934269098933175,True,1.693630553977284,2.471099753344626,1.221391808769262,-63.33677943992673,5,Fri,5
AMD,2025-05-15,2025-05-22,BUY_STRONG,4,114.98999786376952,110.70999908447266,-3.722061795641951,False,1.4489348158887545,2.2496877110913807,2.2863818536200444,-21.229619382136022,5,Thu,5
AMD,2025-06-18,2025-06-26,SELL_MODERATE,3,126.79000091552734,143.67999267578125,-13.321233250488504,False,2.0962604621043703,0.3164819430418219,0.2808055086820365,-50.848928131050776,5,Wed,6
AMD,2025-06-20,2025-06-27,SELL_MODERATE,3,128.24000549316406,143.80999755859375,-12.141290859707315,False,1.6226199748540515,0.8969370831857927,0.599457683163011,-7.726389599175287,5,Fri,6
AMD,2025-06-23,2025-06-30,BUY_STRONG,4,129.5800018310547,141.89999389648438,9.507633810263707,True,1.3150024113769174,2.200489703747345,1.088397476568221,31.284922955401374,5,Mon,6
TLN,2025-02-21,2025-02-28,SELL_WEAK,2,218.8000030517578,207.9499969482422,4.95886926516588,True,1.9655903841621494,-11.891434205113443,6.335222579820233,197.57785467128025,5,Fri,2
TLN,2025-02-24,2025-03-03,SELL_WEAK,2,215.84500122070312,188.0200042724609,12.89119358376567,True,2.298645439394154,-8.706590573433095,4.975696085801206,57.74449147943124,5,Mon,2
TLN,2025-02-25,2025-03-04,SELL_STRONG,4,211.58999633789065,195.75999450683597,7.481450968870742,True,2.579615757304711,-3.295249823265135,1.6825847482187413,-36.24699278267843,5,Tue,2
TLN,2025-02-27,2025-03-06,SELL_STRONG,4,201.82000732421875,180.52999877929688,10.54900791412618,True,1.4636056819613732,-4.617415370653955,3.8096855978620505,-6.188679245283025,5,Thu,2
TLN,2025-02-28,2025-03-07,SELL_STRONG,4,207.9499969482422,176.24000549316406,15.248854013193661,True,1.5248913117631373,-4.483032228487516,3.831424341716038,81.73519736842105,5,Fri,2
TLN,2025-03-03,2025-03-10,SELL_WEAK,2,188.0200042724609,165.75,11.844486632491144,True,1.5565747873714209,-6.837777500220027,5.122876868279434,3.3722177527487185,5,Mon,3
TLN,2025-03-04,2025-03-11,SELL_WEAK,2,195.75999450683597,176.55999755859375,9.807926791483307,True,1.7558147884251052,-5.861987314402441,5.09393943502925,17.919362867098055,5,Tue,3
TLN,2025-03-10,2025-03-17,SELL_WEAK,2,165.75,207.0,-24.8868778280543,False,1.3146717220195816,-8.187004309109785,4.365562789556581,63.36623042265608,5,Mon,3
TLN,2025-04-04,2025-04-11,SELL_WEAK,2,174.39999389648438,198.03500366210935,-13.552184972927005,False,1.5956649257359745,-18.78172711474718,10.984436100244748,116.533212010919,5,Fri,4
TLN,2025-04-08,2025-04-15,BUY_STRONG,4,182.6150054931641,202.92999267578125,11.124489538937489,True,1.5679424385592302,4.710442594141236,2.7087770140550407,-40.61436315501954,5,Tue,4
TLN,2025-05-06,2025-05-13,BUY_STRONG,4,234.72000122070312,241.0800018310547,2.7096116978848195,True,1.337540075239525,3.885986848023435,2.8083851306195826,94.23611111111111,5,Tue,5
TLN,2025-05-07,2025-05-14,BUY_STRONG,4,231.30999755859372,244.9199981689453,5.8838791033682005,True,1.6459053098603829,4.0624432377574315,2.801687332674837,84.81457384515289,5,Wed,5
TLN,2025-05-08,2025-05-15,SELL_STRONG,4,228.6100006103516,244.8000030517578,-7.081930973352672,False,1.845841784989858,-2.6031018143214846,1.322354626297259,-12.649267071862713,5,Thu,5
TLN,2025-05-09,2025-05-16,SELL_STRONG,4,225.16000366210935,244.8600006103516,-8.749332309394266,False,1.4570693608847596,-2.65876700592092,1.3498902942280278,-43.53305639653594,5,Fri,5
TLN,2025-05-12,2025-05-19,BUY_STRONG,4,236.6199951171875,240.3000030517578,1.5552396291563468,True,1.3504113569251661,3.503781324286131,2.5547542002099597,14.366404715127711,5,Mon,5
TLN,2025-06-03,2025-06-10,BUY_STRONG,4,255.47999572753903,255.09500122070312,-0.1506945801136199,False,1.6340130188789714,4.72637791495571,2.3276132131399043,118.38053340665384,5,Tue,6
TLN,2025-06-04,2025-06-11,BUY_STRONG,4,260.0,274.82000732421875,5.700002817007212,True,1.807100961745806,4.602511487677938,2.262370945214232,33.86818724307121,5,Wed,6
TLN,2025-06-05,2025-06-12,SELL_MODERATE,3,255.94000244140625,274.989990234375,-7.443145897964882,False,1.689112533315963,0.1800558640833069,0.96736779033018,-67.66131570664149,5,Thu,6
TLN,2025-06-10,2025-06-17,SELL_WEAK,2,255.09500122070312,285.8800048828125,-12.068054456102336,False,1.5869732516603723,-1.332485190051416,0.6720774601930619,120.00386922035209,5,Tue,6
TLN,2025-06-13,2025-06-23,SELL_MODERATE,3,277.1600036621094,291.5899963378906,-5.206376275479166,False,1.986770817467743,0.8514650591396047,0.47330576636089294,-68.96952993416016,5,Fri,6
TLN,2025-06-27,2025-07-07,BUY_STRONG,4,297.8800048828125,285.1000061035156,-4.290317768836008,False,1.8167107322551266,3.4305572509765625,1.7171999696354463,415.7352267521759,5,Fri,6
TLN,2025-06-30,2025-07-08,SELL_MODERATE,3,290.7699890136719,277.4599914550781,4.577500451041362,True,1.842207715778323,-0.20935405961914297,1.3433728290599956,3.4184775702122305,5,Mon,6
TLN,2025-07-01,2025-07-09,SELL_STRONG,4,279.989990234375,272.1499938964844,2.8000987932918218,True,2.566063138889213,-6.005778956353758,3.1109070924531097,-71.63698538881734,5,Tue,7
SNPS,2025-02-14,2025-02-24,BUY_STRONG,4,522.530029296875,470.0799865722656,-10.037708798322464,False,1.3233343127565422,2.5151631431040395,1.8284030446658643,-3.6745942635500684,5,Fri,2
SNPS,2025-02-19,2025-02-26,SELL_STRONG,4,500.9800109863281,470.4599914550781,6.092063328267782,True,1.894269961269809,-4.124168392684519,2.5597711470990854,156.1937056267882,5,Wed,2
SNPS,2025-02-20,2025-02-27,SELL_STRONG,4,493.9700012207031,454.7099914550781,7.94785304140035,True,2.072388983010661,-5.910475957961309,3.2119807526213613,13.605077321891489,5,Thu,2
SNPS,2025-02-21,2025-02-28,SELL_STRONG,4,474.8399963378906,457.2799987792969,3.698087291302702,True,2.0858480920813958,-5.2177759741298075,2.7616595832358355,-43.293212557389246,5,Fri,2
SNPS,2025-02-24,2025-03-03,SELL_WEAK,2,470.0799865722656,443.260009765625,5.705407073848607,True,1.388062229319397,-4.83632904617695,2.63636800312921,8.112361318750484,5,Mon,2
SNPS,2025-02-25,2025-03-04,SELL_STRONG,4,457.9500122070313,445.4700012207031,2.7251906657196865,True,1.482964063288738,-3.556984302316564,1.8623666047335508,36.19985412107951,5,Tue,2
SNPS,2025-02-28,2025-03-07,SELL_WEAK,2,457.2799987792969,450.8800048828125,1.3995787949547491,True,1.341006625752838,-2.8015119064677663,1.83362539663838,2.6877880932285825,5,Fri,2
SNPS,2025-03-03,2025-03-10,SELL_WEAK,2,443.260009765625,429.8500061035156,3.025313217224345,True,1.3686562736259846,-2.5180844724377023,1.6522396386094151,3.1860579283259804,5,Mon,3
SNPS,2025-04-04,2025-04-11,SELL_WEAK,2,388.1300048828125,421.2099914550781,-8.522914012343213,False,1.6320445340113205,-11.49697510286071,6.1084875446545785,126.1699064074874,5,Fri,4
SNPS,2025-04-07,2025-04-14,SELL_WEAK,2,380.8999938964844,421.9800109863281,-10.784987594672394,False,2.183901206021037,-8.82325139015104,4.937219188382884,43.424259467566564,5,Mon,4
SNPS,2025-04-08,2025-04-15,SELL_WEAK,2,381.5899963378906,425.6499938964844,-11.546423643553661,False,1.977799173709494,-1.6850046279973871,1.0403101996015371,-12.8004138150565,5,Tue,4
SNPS,2025-05-28,2025-06-04,SELL_WEAK,2,462.4299926757813,473.1900024414063,-2.3268408053214342,False,2.675837877178958,-7.300794423600118,5.212349849968559,617.3432835820895,5,Wed,5
SNPS,2025-05-29,2025-06-05,SELL_WEAK,2,454.989990234375,482.2000122070313,-5.980356174130303,False,4.077297420536648,-11.098305430392417,6.4799539981470256,244.62017733045772,5,Thu,5
SNPS,2025-05-30,2025-06-06,SELL_MODERATE,3,463.9800109863281,486.0,-4.745891739357868,False,4.818002780352178,0.33518983091426907,1.0436893078990692,-30.16936457076277,5,Fri,5
SNPS,2025-06-02,2025-06-09,BUY_STRONG,4,466.1499938964844,495.7699890136719,6.354176875472634,True,2.370178943251842,2.452802017987389,1.2815790430808816,-69.88387455670677,5,Mon,6
SNPS,2025-06-30,2025-07-08,BUY_STRONG,4,512.6799926757812,551.510009765625,7.573928697155117,True,1.4379496975485513,3.42545492245382,1.6950841372677456,31.82576277837732,5,Mon,6
SNPS,2025-07-01,2025-07-09,BUY_STRONG,4,521.780029296875,550.9500122070312,5.5904751566410615,True,1.6081981157815333,3.809964432689868,1.869559652488662,-29.754829123328385,5,Tue,7
DDOG,2025-02-13,2025-02-21,SELL_WEAK,2,135.88999938964844,119.63999938964844,11.958201540206836,True,1.9157417833833592,-6.553430683051695,4.480712760432465,492.01693022162135,5,Thu,2
DDOG,2025-02-14,2025-02-24,SELL_WEAK,2,131.00999450683594,117.51000213623048,10.30455151259551,True,2.4558827970361587,-11.533528430971106,6.359824808588269,24.17410746277213,5,Fri,2
DDOG,2025-02-18,2025-02-25,SELL_STRONG,4,130.6300048828125,114.9800033569336,11.980403384290188,True,2.6471880538275725,-3.8707738100384623,2.213663311986722,-55.46629860587045,5,Tue,2
DDOG,2025-03-11,2025-03-18,SELL_WEAK,2,101.95999908447266,102.93000030517578,-0.9513546777295382,False,1.3410564696114036,-6.996258652835248,4.3293534505338505,25.373233362086122,5,Tue,3
DDOG,2025-04-04,2025-04-11,SELL_WEAK,2,87.93000030517578,92.0199966430664,-4.651423090749014,False,1.5135968107123041,-13.548322587096129,7.278478699177829,102.85120597595937,5,Fri,4
DDOG,2025-04-07,2025-04-14,SELL_WEAK,2,88.19999694824219,91.87999725341795,-4.172336091275918,False,1.937175662376922,-6.637032064615729,4.102431626849149,56.68051379208454,5,Mon,4
DDOG,2025-04-08,2025-04-15,SELL_WEAK,2,87.0,92.5500030517578,-6.379313852595169,False,2.032877641230394,-1.0576598452724435,0.717731731417673,-4.350250252846144,5,Tue,4
DDOG,2025-04-11,2025-04-21,SELL_WEAK,2,92.0199966430664,88.91999816894531,3.3688313271142403,True,1.3002919252450158,-5.562403184050668,3.0292268395841493,-29.04567955385676,5,Fri,4
DDOG,2025-05-02,2025-05-09,BUY_STRONG,4,105.0,107.87999725341795,2.742854527064719,True,1.4060871724886637,2.7799493305460454,2.0343653105124866,44.32108111139148,5,Fri,5
DDOG,2025-05-05,2025-05-12,SELL_MODERATE,3,105.6999969482422,113.41999816894533,-7.303691053542181,False,1.7510777991418847,-0.5831478069616657,0.6249483118798009,-3.699456227611264,5,Mon,5
DDOG,2025-05-06,2025-05-13,BUY_STRONG,4,106.05999755859376,117.30999755859376,10.607203713902445,True,1.9860295653384699,1.0095214843750135,0.5104906465825365,153.5794074793589,5,Tue,5
DDOG,2025-05-07,2025-05-14,SELL_MODERATE,3,106.0199966430664,119.08999633789062,-12.327862769913587,False,1.9698574192481781,0.302743334023839,0.18627552460552943,-20.718538837224866,5,Wed,5
DDOG,2025-05-08,2025-05-15,BUY_STRONG,4,109.22000122070312,117.13999938964844,7.251417396472289,True,1.7144478082106283,2.979449118281932,1.7143652627626027,-58.09698919788555,5,Thu,5
DDOG,2025-06-05,2025-06-12,BUY_STRONG,4,121.75,122.68000030517578,0.7638606202675822,True,1.3018054467378226,2.6040757142478714,1.3098238108887423,36.58875617792421,5,Thu,6
DDOG,2025-06-06,2025-06-13,BUY_STRONG,4,122.16000366210938,120.4499969482422,-1.399808990344333,False,1.392922864759696,2.0551435059191108,1.0874029906056655,-24.49685639200293,5,Fri,6
DDOG,2025-06-20,2025-06-27,BUY_STRONG,4,127.5,132.0800018310547,3.5921582988664214,True,1.324987943217798,2.13073032692971,2.04003557485535,-5.329443316903449,5,Fri,6
DDOG,2025-07-08,2025-07-15,SELL_STRONG,4,145.94000244140625,140.55999755859375,3.686449768953875,True,9.757532946292576,-5.936185509116426,3.1284722432742407,187.98501168461863,5,Tue,7
DDOG,2025-07-09,2025-07-16,SELL_STRONG,4,142.75,139.36000061035156,2.374780658247592,True,5.496822726916959,-6.338169037463875,3.3474964153631714,-44.19387245687238,5,Wed,7
DDOG,2025-07-10,2025-07-17,SELL_STRONG,4,137.49000549316406,143.14999389648438,-4.116654431002786,False,4.452329320177194,-5.79004851780429,3.0036929811200452,-88.77086564952654,5,Thu,7
ANET,2025-02-14,2025-02-24,SELL_STRONG,4,106.87000274658205,92.69000244140624,13.26845694839221,True,1.4085867908000145,-2.5264471529429056,1.5005883245779588,-10.035233282579748,5,Fri,2
ANET,2025-02-18,2025-02-25,BUY_STRONG,4,111.05999755859376,92.87999725341795,-16.369530618424772,False,1.6883117396456626,1.1936196433656165,1.9623965828945211,117.05082066110543,5,Tue,2
ANET,2025-02-19,2025-02-26,SELL_STRONG,4,103.91999816894533,96.37999725341795,7.255582225154974,True,2.3398057536448844,-2.7603672703480555,3.344322259052294,96.32321679693887,5,Wed,2
ANET,2025-02-20,2025-02-27,SELL_WEAK,2,103.4000015258789,91.56999969482422,11.441007404718345,True,2.264084756615454,-6.897169278860776,4.033194191737006,-44.12608960259157,5,Thu,2
ANET,2025-02-21,2025-02-28,SELL_STRONG,4,98.3000030517578,93.0500030517578,5.340793323511621,True,1.763309282284761,-5.4080015552453755,3.048391942080989,-41.69724178428196,5,Fri,2
ANET,2025-02-24,2025-03-03,SELL_WEAK,2,92.69000244140624,86.01000213623047,7.206818566434404,True,1.4654291812094464,-10.357832617431999,5.459108181872551,101.4631719784555,5,Mon,2
ANET,2025-02-25,2025-03-04,SELL_STRONG,4,92.87999725341795,85.5199966430664,7.924204164509385,True,1.560205692957631,-5.513739196412897,3.366511463923739,23.484242406925905,5,Tue,2
ANET,2025-02-26,2025-03-05,BUY_STRONG,4,96.37999725341795,87.81999969482422,-8.881508406859982,False,1.3809013094808706,3.9810062734050957,2.2107596225320694,-52.09452613474785,5,Wed,2
ANET,2025-03-28,2025-04-04,SELL_WEAK,2,77.94000244140625,64.37000274658203,17.410827905767484,True,1.355523128189524,-4.555475206804605,2.4172376534108873,-30.88584345860412,5,Fri,3
ANET,2025-04-04,2025-04-11,SELL_WEAK,2,64.37000274658203,72.66999816894531,-12.894197713552218,False,1.5991483649813532,-19.698104034632273,11.004457173818952,204.20592710470845,5,Fri,4
ANET,2025-04-07,2025-04-14,SELL_WEAK,2,68.16999816894531,73.58999633789062,-7.950708984197069,False,2.087684894589848,-4.3496543007381785,5.0869580750089956,2.2109633957619446,5,Mon,4
ANET,2025-05-30,2025-06-06,SELL_WEAK,2,86.63999938964844,97.25,-12.246076506343123,False,1.6810471897316461,-6.627870961524879,4.098370934908281,196.0527024358721,5,Fri,5
ANET,2025-06-02,2025-06-09,BUY_STRONG,4,89.77999877929688,96.8000030517578,7.819118253407378,True,2.008146758986825,3.9481254188680563,2.164047977564722,-47.42984131238344,5,Mon,6
ANET,2025-06-20,2025-06-27,SELL_STRONG,4,86.25,99.38999938964844,-15.234781901041666,False,1.549447873545573,-3.8247104075643303,2.434750976973201,57.25910354648403,5,Fri,6
MRVL,2025-02-25,2025-03-04,SELL_WEAK,2,92.8184814453125,88.15760040283203,5.021501073820737,True,1.442064838414037,-10.413249576989015,5.509514351609531,120.81314093837916,5,Tue,2
MRVL,2025-02-26,2025-03-05,SELL_STRONG,4,94.71476745605467,89.96406555175781,5.015798520015445,True,1.5184413042770764,-3.0742620437575665,2.5987466625993285,-19.03035085378094,5,Wed,2
MRVL,2025-02-27,2025-03-06,SELL_WEAK,2,87.47892761230469,72.138916015625,17.535664891394916,True,1.7229241533440844,-5.7526838942671255,4.092887634710442,-6.415989215581508,5,Thu,2
MRVL,2025-02-28,2025-03-07,SELL_STRONG,4,91.64078521728516,70.70172882080078,22.849058251559896,True,1.4889416198591086,-3.245515267928804,3.978524651591036,60.12239165329052,5,Fri,2
MRVL,2025-03-03,2025-03-10,SELL_STRONG,4,85.6624755859375,65.54182434082031,23.48829065175911,True,1.6041584025574016,-2.0764452376662277,3.472523681056693,-8.291941695981164,5,Mon,3
MRVL,2025-03-04,2025-03-11,SELL_STRONG,4,88.15760040283203,67.02891540527344,23.966946583178373,True,1.458153607895209,-3.800911140377409,3.39341818179197,-3.8934187797041053,5,Tue,3
MRVL,2025-03-05,2025-03-12,BUY_STRONG,4,89.96406555175781,69.71366119384766,-22.509436666420733,False,1.6105328136059913,5.021556914386524,2.4565119414418035,61.734874677955396,5,Wed,3
MRVL,2025-03-06,2025-03-13,SELL_WEAK,2,72.138916015625,68.62579345703125,4.869940876063097,True,2.349052000599915,-18.170508627742137,11.761584687004955,183.89226743157286,5,Thu,3
MRVL,2025-03-07,2025-03-14,SELL_WEAK,2,70.70172882080078,68.60582733154297,2.9644274959245247,True,2.5208760142224658,-21.411145230953455,13.827456938347352,15.03917237622061,5,Fri,3
MRVL,2025-03-10,2025-03-17,SELL_WEAK,2,65.54182434082031,70.2625961303711,-7.202685974992952,False,2.230731662539298,-9.14498309535977,4.994457871179769,-47.288861187199636,5,Mon,3
MRVL,2025-03-28,2025-04-04,SELL_WEAK,2,61.918907165527344,49.33352279663086,20.32559188302867,True,1.360681393170815,-7.070109218887548,3.6789719785942596,-4.989103559166919,5,Fri,3
MRVL,2025-04-04,2025-04-11,SELL_WEAK,2,49.33352279663086,53.34633255004883,-8.134042585931073,False,1.8402888238367223,-21.82507635248043,12.319943173265235,184.00694159017218,5,Fri,4
MRVL,2025-04-07,2025-04-14,SELL_WEAK,2,50.90045547485352,52.21725463867188,-2.587008606374654,False,2.256714056596343,-8.33932405926596,6.20682551271211,22.457680897307753,5,Mon,4
MRVL,2025-04-08,2025-04-15,BUY_STRONG,4,49.93234634399414,53.2763900756836,6.6971491959373575,True,2.1743525512897057,1.2138268532572274,1.5796198038456468,-13.365707761822831,5,Tue,4
MRVL,2025-04-11,2025-04-21,SELL_WEAK,2,53.34633255004883,49.33961486816406,7.510765014869046,True,1.3630160061552623,-12.318470244133417,8.092671574778667,-53.391860376455625,5,Fri,4
MRVL,2025-05-08,2025-05-15,SELL_WEAK,2,57.58286666870117,65.14666748046875,-13.135505835937893,False,1.5003321040268047,-5.864095095018312,4.351936360838599,92.18382375408684,5,Thu,5
MRVL,2025-05-09,2025-05-16,BUY_STRONG,4,59.60121536254883,63.70784759521485,6.890182033513492,True,1.670834144335565,5.931451728819407,2.907162955338878,-63.56657553125829,5,Fri,5
MRVL,2025-05-29,2025-06-05,SELL_MODERATE,3,63.67787551879883,65.1067123413086,-2.2438512762379266,False,1.7087344241131568,-0.1410236339315043,0.7380338146025079,51.8613028532007,5,Thu,5
MRVL,2025-05-30,2025-06-06,SELL_STRONG,4,60.140769958496094,68.29409790039062,-13.557072760327554,False,2.091086131606743,-6.812198960257317,3.711314347866889,106.42622922822058,5,Fri,5
MRVL,2025-06-02,2025-06-09,SELL_STRONG,4,61.41972351074219,69.08345031738281,-12.477631562929869,False,1.9527453571880666,-3.546211285566514,2.900587155810843,-52.84158957627818,5,Mon,6
MRVL,2025-06-03,2025-06-10,BUY_STRONG,4,62.30899810791016,68.78369140625,10.391265298675812,True,1.3825255468461444,3.6052550556143386,1.7783286507349843,-60.10838202595791,5,Tue,6
MRVL,2025-06-23,2025-06-30,SELL_STRONG,4,70.72210693359375,77.3366928100586,-9.35292536275223,False,2.219631547152306,-5.563707369671238,2.898185289853385,-51.47724522126163,5,Mon,6
SVM,2025-02-14,2025-02-24,BUY_STRONG,4,3.619999885559082,3.700000047683716,2.209949299826521,True,1.523779516719713,4.322762412452471,2.118216301735293,54.29883138564273,5,Fri,2
SVM,2025-02-18,2025-02-25,BUY_STRONG,4,3.619999885559082,3.640000104904175,0.5524922645682319,True,1.4076735097074693,2.259884874805986,1.2853797392658073,-18.69621022765655,5,Tue,2
SVM,2025-02-19,2025-02-26,BUY_STRONG,4,3.670000076293945,3.75,2.179834388091921,True,1.3723594815599458,1.381220782197364,0.7937935101021985,-33.83103417185105,5,Wed,2
SVM,2025-03-13,2025-03-20,BUY_STRONG,4,4.059999942779541,4.130000114440918,1.724142183446774,True,1.3569511574263213,4.909562347261168,2.4028704119504827,37.472712448383795,5,Thu,3
SVM,2025-04-11,2025-04-21,BUY_STRONG,4,3.759999990463257,3.839999914169312,2.127657550770329,True,1.4434775553256658,4.735378282962482,2.7765777301339156,-5.677903168864051,5,Fri,4
SVM,2025-05-08,2025-05-15,SELL_WEAK,2,3.640000104904175,3.5999999046325684,1.0989065691980104,True,1.3623084199494273,-5.454540387798655,2.806043847512401,27.72066521358574,5,Thu,5
SVM,2025-05-09,2025-05-16,BUY_STRONG,4,3.839999914169312,3.559999942779541,-7.291666084590055,False,1.3919879469603598,2.673794234694543,2.673794234694537,3.7252031699560817,5,Fri,5
SVM,2025-06-05,2025-06-12,BUY_STRONG,4,4.329999923706055,4.25,-1.847573328305803,False,1.3419593915409604,4.589373510819654,2.2734286880886696,79.56629452076831,5,Thu,6
SVM,2025-06-09,2025-06-16,BUY_STRONG,4,4.380000114440918,4.409999847412109,0.6849253924053995,True,1.733673087203849,1.1547388363939746,2.5550436274589408,12.348820125064952,5,Mon,6
SVM,2025-06-10,2025-06-17,BUY_STRONG,4,4.260000228881836,4.5,5.63379714139497,True,1.571610811723259,2.1582770009893513,2.467366434426755,8.95079282025617,5,Tue,6
SVM,2025-06-11,2025-06-18,SELL_WEAK,2,4.239999771118164,4.309999942779541,-1.650947533964528,False,1.3287678682939574,-3.1963547868679485,1.7636383461142713,-58.172655215858896,5,Wed,6
AVAV,2025-02-13,2025-02-21,SELL_WEAK,2,161.33999633789062,154.7899932861328,4.05975158077994,True,1.5576693236929702,-10.041822778210637,5.389703693739462,151.48833467417538,5,Thu,2
AVAV,2025-02-14,2025-02-24,SELL_STRONG,4,156.99000549316406,152.89999389648438,2.605268777353971,True,1.783048647372924,-6.386399314237069,3.3246959527655107,-31.058020477815695,5,Fri,2
AVAV,2025-02-18,2025-02-25,SELL_STRONG,4,155.3000030517578,151.69000244140625,2.3245335089584223,True,1.4257653929759317,-3.743642880394886,1.973748619141167,-16.314779270633395,5,Tue,2
AVAV,2025-03-04,2025-03-11,SELL_STRONG,4,141.89999389648438,124.0,12.61451350698603,True,1.579447385018242,-5.159738987196568,2.9451115123345954,120.63702720637028,5,Tue,3
AVAV,2025-03-05,2025-03-12,SELL_STRONG,4,135.69000244140625,121.52999877929688,10.435554136144965,True,3.7569336864724403,-4.865738066200227,2.72256255685103,464.3910741301059,5,Wed,3
AVAV,2025-03-06,2025-03-13,SELL_STRONG,4,135.07000732421875,123.98999786376952,8.203160479478653,True,3.861483202346234,-4.813239510953101,2.7458878066934527,-29.29323308270677,5,Thu,3
AVAV,2025-03-07,2025-03-14,SELL_STRONG,4,132.3300018310547,129.4499969482422,2.1763808984824116,True,3.213582568299967,-2.476232994249138,1.3307189047161267,-77.60763947059809,5,Fri,3
AVAV,2025-04-07,2025-04-14,SELL_STRONG,4,113.37999725341795,142.8000030517578,-25.948144744246733,False,1.4281952805091749,-3.580235747584675,2.6750317364391423,68.35543766578249,5,Mon,4
AVAV,2025-05-30,2025-06-06,BUY_MODERATE,3,178.02999877929688,190.88999938964844,7.223502049390033,True,1.5985657600706924,0.9354767268436334,1.61955089231977,121.72588832487308,5,Fri,5
AVAV,2025-06-02,2025-06-09,BUY_STRONG,4,180.41000366210935,195.72000122070312,8.486224293453226,True,1.7869570284534573,4.591569318060669,2.296182699876394,155.2037723139104,5,Mon,6
AVAV,2025-06-03,2025-06-10,BUY_STRONG,4,186.16000366210935,189.6199951171875,1.8586116174332639,True,2.0935149386366123,4.566648844890016,2.302492106320284,-41.785714285714285,5,Tue,6
AVAV,2025-06-04,2025-06-11,BUY_STRONG,4,183.47999572753903,189.5200042724609,3.2919166588008113,True,1.4648629899410335,1.7016750751690513,1.5692409643804497,-5.2131450442127525,5,Wed,6
AVAV,2025-06-06,2025-06-13,BUY_STRONG,4,190.88999938964844,195.1000061035156,2.205462165293222,True,1.546332870395421,4.03858940192749,1.9899244590831207,57.36563631300473,5,Fri,6
AVAV,2025-06-09,2025-06-16,BUY_STRONG,4,195.72000122070312,186.6699981689453,-4.623954115733222,False,1.6860593009389508,4.893083799776274,2.3905612133072243,46.32393587617467,5,Mon,6
AVAV,2025-06-24,2025-07-01,BUY_STRONG,4,193.27999877929688,252.3999938964844,30.587746011265054,True,1.6812571366429232,1.9140548376678657,0.950989235968252,35.37444177258675,5,Tue,6
AVAV,2025-06-30,2025-07-08,BUY_STRONG,4,284.95001220703125,237.07000732421875,-16.802948879337173,False,2.3345901850869524,4.618723543476653,2.262138111603251,-64.58262997974342,5,Mon,6
AVAV,2025-07-01,2025-07-09,SELL_WEAK,2,252.3999938964844,236.7700042724609,6.192547544368701,True,1.6243283213288635,-9.231493059876867,6.311513459785684,12.670385062785217,5,Tue,7
AVAV,2025-07-02,2025-07-10,SELL_WEAK,2,246.25,237.57000732421875,3.5248701221446703,True,1.6667535944644378,-13.581333760011791,7.961984130356563,203.22907357759905,5,Wed,7
AVAV,2025-07-03,2025-07-11,SELL_STRONG,4,246.22999572753903,263.79998779296875,-7.135601823618372,False,1.7360012366559368,-2.444531821770107,1.4323741335832636,-31.497021839841167,5,Thu,7
AVAV,2025-07-07,2025-07-14,SELL_WEAK,2,240.7400054931641,265.0,-10.077259264466031,False,1.3384968994660857,-2.2375612210501155,1.2992435379765717,-53.13083285851818,5,Mon,7
ZETA,2025-02-19,2025-02-26,SELL_WEAK,2,23.07999992370605,17.770000457763672,23.006930171123376,True,1.5136165282320149,-1.745422951924517,3.5223700943492466,-22.364801691079826,5,Wed,2
ZETA,2025-02-20,2025-02-27,SELL_WEAK,2,22.440000534057617,16.649999618530273,25.802142503248827,True,1.3505964198251994,-9.113001017947848,4.953672915714087,-39.988394929476875,5,Thu,2
ZETA,2025-02-26,2025-03-05,SELL_WEAK,2,17.770000457763672,17.139999389648438,3.545306988666893,True,2.0393708579197862,-17.845579531987948,9.993620265097801,141.65831258286713,5,Wed,2
ZETA,2025-02-27,2025-03-06,SELL_WEAK,2,16.649999618530273,16.049999237060547,3.6036059772756297,True,2.151086570398978,-19.174760630065755,11.100085480470815,-1.378904912860357,5,Thu,2
ZETA,2025-02-28,2025-03-07,SELL_STRONG,4,17.209999084472656,15.81999969482422,8.076696476425337,True,1.8274789271462206,-3.1513863751553948,3.253924629399442,-61.3183813296221,5,Fri,2
ZETA,2025-04-04,2025-04-11,SELL_WEAK,2,12.100000381469728,12.0600004196167,0.330578186710524,True,1.4220325585370022,-16.78129014294947,9.228008575486287,80.76819696806794,5,Fri,4
ZETA,2025-04-07,2025-04-14,SELL_WEAK,2,11.920000076293944,11.90999984741211,0.08389453706231301,True,1.9253341080766997,-9.35360895754764,5.361612731082827,73.88276997088239,5,Mon,4
ZETA,2025-04-08,2025-04-15,SELL_STRONG,4,11.630000114440918,11.979999542236328,-3.009453347819124,False,1.7442434001301632,-3.8842996050527536,1.9955326849269859,-26.943035998394127,5,Tue,4
ZETA,2025-04-11,2025-04-21,SELL_WEAK,2,12.0600004196167,11.020000457763672,8.623548305697998,True,1.5824081370486889,-6.366457201384989,4.915641436770132,-77.86207345662933,5,Fri,4
ZETA,2025-05-02,2025-05-09,BUY_STRONG,4,13.68000030517578,13.350000381469728,-2.4122800902365245,False,1.9906444244227846,4.747319032454341,2.368735788739623,205.24628128618508,5,Fri,5
ZETA,2025-05-05,2025-05-12,SELL_MODERATE,3,13.4399995803833,14.31999969482422,-6.54762010354038,False,2.122867787008723,-0.3706463423514117,0.9354088320595245,-38.85680240263609,5,Mon,5
ZETA,2025-05-06,2025-05-13,SELL_STRONG,4,13.109999656677246,14.90999984741211,-13.729978931144204,False,1.576083445558134,-4.166671314202206,2.13409444890166,-63.816749343449075,5,Tue,5
ZETA,2025-06-02,2025-06-09,SELL_WEAK,2,12.93000030517578,13.600000381469728,-5.181748340916535,False,1.523682637177353,-1.2223059247289558,0.8403718473151818,102.01979585524282,5,Mon,6
ZETA,2025-06-04,2025-06-11,BUY_STRONG,4,13.199999809265137,12.850000381469728,-2.651510854945182,False,1.4265988310622786,2.0881631687300004,1.1296661333299554,-50.34679160350925,5,Wed,6
ZETA,2025-06-05,2025-06-12,BUY_STRONG,4,13.640000343322754,12.729999542236328,-6.6715599573419535,False,1.3194406414081001,3.5687187874418687,1.972925519015235,82.09320461451584,5,Thu,6
ZETA,2025-06-06,2025-06-13,BUY_STRONG,4,13.90999984741211,12.15999984741211,-12.580877204866248,False,1.3558109686630229,5.378788245501493,2.6383511121338388,26.053037311131668,5,Fri,6
ZETA,2025-06-25,2025-07-02,SELL_WEAK,2,15.020000457763672,15.15999984741211,-0.9320864539393098,False,4.706291716219726,-10.648417995522893,5.6520004250351645,-62.6360607932281,5,Wed,6
ZETA,2025-06-26,2025-07-03,SELL_STRONG,4,15.34000015258789,15.449999809265137,-0.7170772854176858,False,1.827551451580366,-4.8977002435328405,3.686875275334854,-41.37147539762357,5,Thu,6
FCX,2025-03-07,2025-03-14,SELL_STRONG,4,36.65492630004883,38.55018997192383,-5.17055649317313,False,1.5435980965521716,-3.197078685960756,1.6348715713514115,-41.867698948305986,5,Fri,3
FCX,2025-04-04,2025-04-11,SELL_WEAK,2,28.92504501342773,33.09263229370117,-14.40823092354305,False,1.55817097456856,-23.69109945009482,13.462232432738693,239.76257746992343,5,Fri,4
FCX,2025-04-07,2025-04-14,SELL_WEAK,2,30.135631561279297,33.48954772949219,-11.129403946264972,False,2.0771771567277617,-9.370337589361974,7.253647729838231,26.247039043994036,5,Mon,4
FCX,2025-04-08,2025-04-15,SELL_MODERATE,3,28.984582901000977,33.26029968261719,-14.751693326829104,False,2.02620680780046,0.20583507318867356,2.325150717520401,-21.4071913176631,5,Tue,4
FCX,2025-06-03,2025-06-10,BUY_STRONG,4,40.10771942138672,42.051307678222656,4.845920647882946,True,1.3516841854417958,4.573806951782355,2.5015024638520136,-31.899171751386213,5,Tue,6
FCX,2025-06-30,2025-07-08,SELL_STRONG,4,43.20749282836914,46.117897033691406,-6.735878466457454,False,1.4425620422731518,-2.496632192750914,1.2652698440136534,-49.93141155507823,5,Mon,6
FCX,2025-07-07,2025-07-14,SELL_WEAK,2,44.98164367675781,45.47999954223633,-1.1079094153600662,False,1.478476258051901,-1.3982987884576903,0.8305677494527329,-15.646311121424239,5,Mon,7
FCX,2025-07-08,2025-07-15,BUY_STRONG,4,46.117897033691406,44.119998931884766,-4.332153524578706,False,1.9027554973966443,1.0262037397527326,1.2527337631280868,493.83749819252563,5,Tue,7
FCX,2025-07-09,2025-07-16,BUY_STRONG,4,45.44013214111328,43.97999954223633,-3.213310635502874,False,2.314834087298896,1.0192790366892963,1.255991368385539,23.67168953958696,5,Wed,7
FCX,2025-07-10,2025-07-17,BUY_STRONG,4,47.054805755615234,44.459999084472656,-5.514434985916247,False,2.1926574403041803,2.031551267915295,1.7548056736252222,-58.736912008854446,5,Thu,7
RKLB,2025-02-28,2025-03-07,SELL_WEAK,2,20.489999771118164,18.799999237060547,8.247928516035273,True,1.3141288506438278,-3.576471665326287,3.4623355119586647,130.01819284414796,5,Fri,2
RKLB,2025-03-03,2025-03-10,SELL_WEAK,2,18.65999984741211,17.1200008392334,8.252942233503223,True,1.5209547785701993,-5.9001516933706535,4.713980465688401,11.842665664537133,5,Mon,3
RKLB,2025-03-04,2025-03-11,SELL_WEAK,2,18.9950008392334,17.829999923706055,6.133197494369582,True,1.4880024747273912,-7.296236937943029,5.027173254592912,-31.271853787013292,5,Tue,3
RKLB,2025-03-31,2025-04-07,SELL_STRONG,4,17.8799991607666,17.520000457763672,2.0134156593970154,True,1.4108644101430743,-2.9316010493523867,2.091028119843335,28.74012063670317,5,Mon,3
RKLB,2025-04-01,2025-04-08,SELL_STRONG,4,18.149999618530277,17.18000030517578,5.34434894623454,True,1.4585094175925666,-2.524174003863642,2.0556904634106634,-44.82849180186501,5,Tue,4
RKLB,2025-04-07,2025-04-14,SELL_WEAK,2,17.520000457763672,19.1299991607666,-9.189490073840084,False,1.4499834573744048,-2.0681886221799175,4.592428281763096,44.25145694845385,5,Mon,4
RKLB,2025-05-09,2025-05-16,SELL_WEAK,2,20.51000022888184,25.56999969482422,-24.670889368479738,False,1.5710993142219059,-7.985646538962435,6.031537736035445,292.759437319633,5,Fri,5
RKLB,2025-05-12,2025-05-19,SELL_WEAK,2,21.26000022888184,25.799999237060547,-21.35465173707332,False,1.963569214298909,-7.96536849438276,6.163152798251463,-3.3280436714485218,5,Mon,5
RKLB,2025-05-19,2025-05-27,BUY_STRONG,4,25.799999237060547,28.76000022888184,11.472872400590553,True,1.4647438519154488,2.299761853676724,1.1439938694824476,-37.10162510079693,5,Mon,5
RKLB,2025-06-10,2025-06-17,SELL_WEAK,2,27.170000076293945,26.420000076293945,2.760397489488347,True,2.3556016066434027,-6.0511756410211595,4.445194449417584,-9.779561466465514,5,Tue,6
RKLB,2025-06-11,2025-06-18,SELL_WEAK,2,27.36000061035156,27.850000381469727,-1.7909347960057351,False,1.944026234121496,-7.692303732277253,4.898990070652784,-64.6555546514196,5,Wed,6
RKLB,2025-06-30,2025-07-08,SELL_WEAK,2,35.77000045776367,38.7400016784668,-8.303050552683187,False,1.97752553396954,-1.0237934093345453,1.0626610590351424,-55.678840819387624,5,Mon,6
RKLB,2025-07-01,2025-07-09,SELL_STRONG,4,34.33000183105469,39.13999938964844,-14.011061176940162,False,1.6163877076943882,-2.9677761598679413,2.1182626521202335,-64.80957579806018,5,Tue,7
INTR,2025-02-13,2025-02-21,BUY_STRONG,4,5.289999961853027,5.210000038146973,-1.5122859032693001,False,1.3183130929734246,2.2857129685760453,1.213800857326302,-47.06973548608726,5,Thu,2
INTR,2025-02-28,2025-03-07,BUY_STRONG,4,5.360000133514404,5.519999980926514,2.985071705720311,True,4.804983639819899,1.3232546723281389,0.6777370401146151,1150.5808177302254,5,Fri,2
INTR,2025-03-03,2025-03-10,SELL_STRONG,4,5.059999942779541,5.239999771118164,-3.557308900674536,False,4.810557294959791,-4.708097979171286,3.0653702805913854,-23.502256873204765,5,Mon,3
INTR,2025-03-04,2025-03-11,SELL_STRONG,4,5.130000114440918,5.159999847412109,-0.5847901033518956,False,4.936074345254858,-4.291045025080655,3.027977642759969,-94.36562911539767,5,Tue,3
INTR,2025-04-04,2025-04-11,SELL_WEAK,2,5.440000057220459,5.400000095367432,0.7352934086817846,True,1.3169332039326553,-1.449273985189887,2.010021332611647,162.8323652131228,5,Fri,4
INTR,2025-04-07,2025-04-14,SELL_WEAK,2,5.099999904632568,5.570000171661377,-9.215691682697589,False,1.7640888130953316,-9.893992188632067,5.2247168030770785,3.6164293896252753,5,Mon,4
INTR,2025-04-08,2025-04-15,SELL_WEAK,2,5.039999961853027,5.579999923706055,-10.714285038496085,False,1.7976357860750924,-7.3529428522066915,4.153708545416018,13.061072028886267,5,Tue,4
INTR,2025-04-09,2025-04-16,BUY_STRONG,4,5.28000020980835,5.639999866485596,6.818175044926999,True,1.588223614796291,3.5294178145430664,2.4299631805217556,-9.008212255211623,5,Wed,4
INTR,2025-05-07,2025-05-14,BUY_STRONG,4,6.75,7.070000171661377,4.740743283872251,True,2.0460618098413375,1.6566285500940068,0.8736789193163816,147.82653323069027,5,Wed,5
INTR,2025-05-08,2025-05-15,BUY_STRONG,4,7.03000020980835,6.889999866485596,-1.9914699736057413,False,2.919486193223639,4.457655124585929,2.4533893903404573,162.15476668247658,5,Thu,5
INTR,2025-05-09,2025-05-16,BUY_STRONG,4,7.110000133514404,6.75,-5.063292921999704,False,3.0190785710475834,5.333335311324508,2.714687085722933,-8.873656526331054,5,Fri,5
INTR,2025-05-12,2025-05-19,SELL_STRONG,4,6.730000019073486,6.96999979019165,-3.5661184314707426,False,2.4984674983253075,-4.267427905852678,2.8797287672960734,-41.154285078074984,5,Mon,5
INTR,2025-06-23,2025-06-30,SELL_WEAK,2,7.480000019073486,7.429999828338623,0.6684517460877838,True,1.6462800430651776,-1.0582000570312384,0.9381695180210317,92.74142910963205,5,Mon,6
INTR,2025-06-24,2025-07-01,BUY_STRONG,4,7.539999961853027,7.150000095367432,-5.1724120485240626,False,1.85405135301353,1.6172491148951331,0.8021382704083594,-30.719341140136404,5,Tue,6
INTR,2025-07-02,2025-07-10,SELL_WEAK,2,6.929999828338623,6.940000057220459,-0.144303450642846,False,1.317765529365904,-6.729475256418706,3.4951084233757355,53.15190864299857,5,Wed,7
U,2025-02-18,2025-02-25,BUY_STRONG,4,21.81999969482422,25.649999618530277,17.552703837179923,True,1.6871856936175,5.207328522780539,2.6038125038062727,-23.56655824271541,5,Tue,2
U,2025-02-24,2025-03-03,SELL_STRONG,4,27.280000686645508,23.700000762939453,13.123166545441425,True,4.571684628489797,-2.571426119123186,1.9417585882817445,-54.90570448877805,5,Mon,2
U,2025-02-25,2025-03-04,SELL_WEAK,2,25.649999618530277,24.71999931335449,3.625732237843505,True,2.086917213469441,-9.491886095886185,5.0019490165305065,-28.71613397081153,5,Tue,2
U,2025-03-31,2025-04-07,SELL_WEAK,2,19.59000015258789,17.25,11.944870517414317,True,1.3647707007033703,-9.221500362157586,4.838789472834469,25.411974732216414,5,Mon,3
U,2025-04-01,2025-04-08,SELL_WEAK,2,20.190000534057617,16.75,17.03813988639987,True,1.355346440968407,-1.703993991573494,2.389513633422737,-40.09253235017711,5,Tue,4
U,2025-04-04,2025-04-11,SELL_WEAK,2,16.920000076293945,19.229999542236328,-13.652479051574279,False,1.4904089386280188,-19.08177809772667,10.916308900621944,99.63762021987432,5,Fri,4
U,2025-04-07,2025-04-14,SELL_STRONG,4,17.25,18.15999984741211,-5.275361434273098,False,2.0205289473419663,-5.167677330727008,3.7755773093573906,46.11569203551007,5,Mon,4
U,2025-04-08,2025-04-15,SELL_WEAK,2,16.75,18.81999969482422,-12.358207133278917,False,1.8308997921642116,-1.004728578767129,1.497825163936031,-1.3679010454562879,5,Tue,4
U,2025-05-07,2025-05-14,SELL_STRONG,4,20.65999984741211,21.540000915527344,-4.259443729983687,False,1.9290275569106938,-3.7727037347344208,2.037489399113222,211.43765104882965,5,Wed,5
U,2025-05-08,2025-05-15,SELL_STRONG,4,20.649999618530277,21.21999931335449,-2.7602891300429975,False,2.294381406786683,-3.1425895210336017,1.8392326501193652,80.6628706245321,5,Thu,5
U,2025-05-09,2025-05-16,SELL_MODERATE,3,20.559999465942383,22.809999465942383,-10.94358005080264,False,2.1815879002513454,-0.4840289555096618,0.26705610317951367,-68.30671611395742,5,Fri,5
U,2025-06-03,2025-06-10,SELL_MODERATE,3,26.200000762939453,24.84000015258789,5.190841873086191,True,1.790951349858767,0.460125918652033,0.31813568312178875,-81.16006037425176,5,Tue,6
U,2025-06-30,2025-07-08,BUY_STRONG,4,24.200000762939453,29.399999618530277,21.48759789939447,True,1.4176172992072238,3.418808365174765,2.086208012243561,-41.045191336781585,5,Mon,6
OUST,2025-02-24,2025-03-03,SELL_WEAK,2,8.270000457763672,7.690000057220459,7.013305543395984,True,1.3153666443419394,-16.04060774127912,8.865279606852807,48.50260416666667,5,Mon,2
OUST,2025-02-25,2025-03-04,SELL_WEAK,2,8.039999961853027,7.769999980926514,3.3582087339249833,True,1.311018261468333,-9.357383702533602,5.105533935183158,-27.24626174407834,5,Tue,2
OUST,2025-03-25,2025-04-01,BUY_STRONG,4,11.229999542236328,8.739999771118164,-22.17275042401568,False,3.8723282043597838,1.6289533791355912,0.9569791033530721,-84.67952189629331,5,Tue,3
OUST,2025-05-30,2025-06-06,BUY_STRONG,4,12.229999542236328,14.59000015258789,19.296816833077514,True,2.3655800329160943,2.428810486136698,1.9035444793395757,17.46459878624409,5,Fri,5
OUST,2025-06-13,2025-06-23,SELL_WEAK,2,18.06999969482422,23.700000762939453,-31.156619608177593,False,3.099902113203201,-11.247548363839654,5.984340343230231,-77.67111877064482,5,Fri,6
XP,2025-03-10,2025-03-17,BUY_STRONG,4,15.149999618530272,15.460000038146973,2.046207441731769,True,1.4905096393306712,4.123707353471208,2.9886487139100026,159.54942004560326,5,Mon,3
XP,2025-03-11,2025-03-18,SELL_STRONG,4,14.960000038146973,15.270000457763672,-2.072195313009488,False,1.7873990977179188,-3.0460159282767596,1.5575229008383622,-17.177322642086203,5,Tue,3
XP,2025-03-12,2025-03-19,SELL_STRONG,4,14.140000343322754,15.6899995803833,-10.961804804994179,False,2.938927913774881,-6.666662050421223,3.6389772626873707,172.71850500845085,5,Wed,3
XP,2025-03-13,2025-03-20,SELL_STRONG,4,13.890000343322754,15.210000038146973,-9.50323730883688,False,3.026161261321735,-7.152404358929097,3.9060146377242484,143.33655101924933,5,Thu,3
XP,2025-03-14,2025-03-21,BUY_STRONG,4,14.670000076293944,15.130000114440918,3.135651232138122,True,3.7463198317886857,3.748229986581777,2.798275289251023,-19.648878322403085,5,Fri,3
XP,2025-03-18,2025-03-25,BUY_STRONG,4,15.270000457763672,14.649999618530272,-4.060254228205838,False,1.3043953185059605,4.089982129170551,2.724786516034769,-72.67062340401425,5,Tue,3
XP,2025-04-04,2025-04-11,SELL_WEAK,2,12.989999771118164,13.460000038146973,-3.6181699408017116,False,1.3389204272702213,-7.412686968261134,4.841691665017416,37.635158702476446,5,Fri,4
XP,2025-04-07,2025-04-14,SELL_WEAK,2,12.760000228881836,13.729999542236328,-7.601875360150316,False,1.432596289746376,-10.330283630659014,5.933341834774794,-36.08243717292541,5,Mon,4
XP,2025-04-25,2025-05-02,BUY_STRONG,4,15.960000038146973,16.18000030517578,1.378447785106344,True,1.7737248010933762,5.976092918018523,2.9041956858834896,6.850823439295284,5,Fri,4
XP,2025-04-28,2025-05-05,BUY_STRONG,4,16.209999084472656,15.890000343322754,-1.9740824134680237,False,1.7286696915013506,4.177369198759758,2.0607874886878803,-67.98457138359004,5,Mon,4
XP,2025-05-12,2025-05-19,BUY_STRONG,4,17.899999618530273,18.6299991607666,4.078209820075218,True,1.8169542009002526,1.7623619286710173,0.9612681957665486,-15.080729123630409,5,Mon,5
XP,2025-05-13,2025-05-20,BUY_STRONG,4,18.530000686645508,18.559999465942383,0.16189302852263246,True,2.3704750127980074,3.6933397672992085,2.0590780924203433,67.53403428930127,5,Tue,5
XP,2025-05-14,2025-05-21,BUY_STRONG,4,18.90999984741211,18.649999618530277,-1.3749351188779317,False,2.6374076834265052,5.642459499475479,2.7654367111548463,50.11725097546973,5,Wed,5
XP,2025-05-15,2025-05-22,SELL_MODERATE,3,18.59000015258789,18.690000534057617,-0.5379256624471067,False,2.4594993141878145,0.3237963503456542,1.093808731657863,-38.68954575524995,5,Thu,5
DASH,2025-02-18,2025-02-25,BUY_STRONG,4,211.97000122070312,191.2700042724609,-9.765531362473025,False,1.3864046179172964,3.078195803269064,1.9599640773358993,-28.827601047233074,5,Tue,2
DASH,2025-03-10,2025-03-17,SELL_WEAK,2,177.86000061035156,189.8600006103516,-6.746879545046859,False,2.0465577398212202,-1.2492365734136166,0.6941980931359334,209.50321426465095,5,Mon,3
DASH,2025-03-11,2025-03-18,BUY_STRONG,4,183.72999572753903,185.2100067138672,0.805535851926391,True,2.4340148148148146,3.1727278966700156,1.8496598864099514,14.283746901369664,5,Tue,3
DASH,2025-03-12,2025-03-19,BUY_STRONG,4,187.6999969482422,190.66000366210935,1.576988152367085,True,2.3650626773517476,5.532439167954175,2.7037500065025744,-37.64410709181567,5,Wed,3
DASH,2025-03-13,2025-03-20,SELL_STRONG,4,178.2899932861328,192.92999267578125,-8.21134104040999,False,1.4301733241712056,-2.9608678865226943,2.5780941788955585,-19.57648192982264,5,Thu,3
DASH,2025-03-21,2025-03-28,SELL_MODERATE,3,190.6199951171875,182.6100006103516,4.202074657441682,True,3.6951436344736575,-0.020984235892888344,0.6908341480127794,1084.166599662298,5,Fri,3
DASH,2025-03-24,2025-03-31,BUY_STRONG,4,198.97999572753903,182.7700042724609,-8.14654327225651,False,3.5718842512842865,3.135854082534907,2.223325670934561,25.735609198685893,5,Mon,3
DASH,2025-03-25,2025-04-01,BUY_STRONG,4,199.72000122070312,182.4199981689453,-8.66212845284345,False,3.5049358979105425,4.773899032953606,2.5727104625737263,-93.85611116090466,5,Tue,3
DASH,2025-05-05,2025-05-12,BUY_STRONG,4,205.3999938964844,192.1000061035156,-6.47516464857911,False,1.4236947485421076,4.689091279990787,2.5834109682304476,35.30927835051547,5,Mon,5
DASH,2025-05-06,2025-05-13,SELL_WEAK,2,190.1100006103516,197.8000030517578,-4.04502783478898,False,1.9542703078446853,-7.304108437770491,4.365418515621557,125.08633854105486,5,Tue,5
DASH,2025-05-07,2025-05-14,SELL_WEAK,2,176.99000549316406,196.83999633789065,-11.215317378750669,False,2.2722199646289183,-13.831542963744267,7.45089946197625,53.47930574098798,5,Wed,5
DASH,2025-05-08,2025-05-15,SELL_STRONG,4,182.9600067138672,197.1000061035156,-7.728464621102732,False,2.0202920941242373,-3.760977262389784,3.5826102695948334,-56.59235136940548,5,Thu,5
DASH,2025-06-23,2025-06-30,BUY_STRONG,4,230.32000732421875,246.50999450683597,7.029344680345882,True,1.6956679004454485,4.415633970582731,2.5284582175409844,1.727061235755678,5,Mon,6
DASH,2025-06-30,2025-07-08,BUY_STRONG,4,246.50999450683597,241.47000122070312,-2.04453912557005,False,1.498228705433955,2.866798170040509,1.4261120393651878,152.6199100674494,5,Mon,6
DASH,2025-07-01,2025-07-09,SELL_WEAK,2,238.00999450683597,246.05999755859372,-3.382212191734893,False,1.700846201324161,-1.7766163428577932,1.7542297949288497,-21.132894629058242,5,Tue,7
MSFT,2025-02-25,2025-03-04,SELL_WEAK,2,397.17083740234375,387.8978576660156,2.3347584623727977,True,1.3046395552487875,-2.5256609395363725,1.285121141718025,6.766988315991407,5,Tue,2
MSFT,2025-04-04,2025-04-11,SELL_STRONG,4,359.1806030273437,387.7381896972656,-7.950759709523596,False,1.4437432877626843,-5.835562441785456,3.017780000083178,205.79210320271432,5,Fri,4
MSFT,2025-04-07,2025-04-14,SELL_STRONG,4,357.2042236328125,387.0993347167969,-8.36919305711094,False,1.990692421354993,-4.087264283906866,2.2805943534879756,66.98125703688986,5,Mon,4
MSFT,2025-04-08,2025-04-15,SELL_WEAK,2,353.9102783203125,385.0231628417969,-8.791178563433846,False,1.9713021372971253,-1.467318853693771,0.7462810461712843,-27.110398517371504,5,Tue,4
MSFT,2025-05-05,2025-05-12,BUY_STRONG,4,435.3707275390625,448.4367370605469,3.0011226513413356,True,1.7176286529377232,2.531737363395317,1.3828279553200944,-65.83517283387147,5,Mon,5
MSFT,2025-06-23,2025-06-30,BUY_STRONG,4,486.0,497.4100036621094,2.347737379034851,True,1.6191166915608286,1.1994023577282475,0.9105826465628108,41.865175591247535,5,Mon,6
MSFT,2025-06-24,2025-07-01,BUY_STRONG,4,490.1099853515625,492.0499877929688,0.395830017626496,True,1.681523339212508,2.662335906488105,1.3386554719199089,-40.639021508295144,5,Tue,6
TTD,2025-02-13,2025-02-21,SELL_WEAK,2,81.91999816894531,72.05999755859375,12.036133826586614,True,5.639595729466479,-31.852592302758953,21.006599580295024,1027.176122527019,5,Thu,2
TTD,2025-02-14,2025-02-24,SELL_WEAK,2,80.16000366210938,74.19999694824219,7.435137776427532,True,6.699899253115363,-34.41871761385153,25.110620193155764,68.12816188870153,5,Fri,2
TTD,2025-02-18,2025-02-25,SELL_STRONG,4,80.02999877929688,74.9800033569336,6.310128076210436,True,5.973539446296384,-2.3071282127602744,1.3080818239162744,-70.97078884405242,5,Tue,2
TTD,2025-02-19,2025-02-26,SELL_STRONG,4,76.75,72.43000030517578,5.628664097490839,True,1.6037412052870603,-4.25399639012397,2.4466079591234724,-25.56690690628587,5,Wed,2
TTD,2025-03-13,2025-03-20,SELL_WEAK,2,53.880001068115234,55.84999847412109,-3.656268312829795,False,1.522685931116618,-8.429638123062626,5.77116471388835,29.581570753371132,5,Thu,3
TTD,2025-03-14,2025-03-21,SELL_WEAK,2,53.93999862670898,56.310001373291016,-4.393776060291751,False,1.6360960194834064,-10.398674513114429,6.484330938478822,77.91927649239423,5,Fri,3
TTD,2025-03-17,2025-03-24,BUY_STRONG,4,56.5,59.34000015258789,5.026548942633434,True,1.7399021776805925,4.862655679187081,2.7305954882535572,-14.662492700345597,5,Mon,3
TTD,2025-04-04,2025-04-11,SELL_WEAK,2,46.2400016784668,49.77999877929688,-7.6557027948348955,False,1.4804473450512499,-17.868557184582635,10.262130904632425,52.651873698474525,5,Fri,4
TTD,2025-04-07,2025-04-14,SELL_STRONG,4,46.34000015258789,48.63999938964844,-4.963312968250177,False,1.6656222120678026,-5.582725297970749,3.4129257425399406,0.8860418868097852,5,Mon,4
TTD,2025-04-08,2025-04-15,SELL_STRONG,4,45.27000045776367,49.2400016784668,-8.769607202471944,False,1.408896760359847,-2.097753428834408,1.2862160244107155,-27.264597992245733,5,Tue,4
TTD,2025-05-05,2025-05-12,BUY_STRONG,4,55.5,79.4000015258789,43.06306581239443,True,1.4259197604311076,4.598564952049199,2.259307282713108,32.646619603584035,5,Mon,5
TTD,2025-05-06,2025-05-13,BUY_STRONG,4,55.630001068115234,78.13999938964844,40.463774742645086,True,1.4063290417888594,2.847108358630063,1.5507849186047369,-11.274382555811025,5,Tue,5
TTD,2025-05-07,2025-05-14,BUY_STRONG,4,56.459999084472656,79.13999938964844,40.170033072871796,True,1.3649842129869796,1.729728080130912,0.9322750190022178,-27.137971325981457,5,Wed,5
TTD,2025-06-05,2025-06-12,SELL_WEAK,2,71.11000061035156,70.56999969482422,0.7593881463822336,True,1.3472023964214377,-4.422044150607936,3.4053479894776237,189.92753110025257,5,Thu,6
TTD,2025-06-06,2025-06-13,SELL_STRONG,4,71.45999908447266,67.95999908447266,4.897845010972726,True,1.6684120933314546,-6.035507933065182,3.7827776753925146,83.31782318430103,5,Fri,6
TTD,2025-06-09,2025-06-16,SELL_MODERATE,3,71.48999786376953,70.25,1.7345053865191826,True,1.7244455102523746,0.53437948271182,0.29608252901172505,-52.465356369380075,5,Mon,6
TTD,2025-06-30,2025-07-08,BUY_STRONG,4,71.98999786376953,74.02999877929688,2.833728262345201,True,1.3080670978030804,5.836520753647825,2.8989597187237424,-17.84977171805616,5,Mon,6
AVGO,2025-02-25,2025-03-04,SELL_STRONG,4,201.45480346679688,186.4754943847656,7.435568089842107,True,1.528150786604483,-7.372176114452489,3.913065724023705,33.02255300679966,5,Tue,2
AVGO,2025-02-26,2025-03-05,BUY_STRONG,4,211.7990875244141,190.55352783203125,-10.030996800179256,False,1.4421671519507762,2.4094709945958077,2.5029242972063956,-35.34631956042892,5,Wed,2
AVGO,2025-02-28,2025-03-07,SELL_WEAK,2,198.3614654541016,193.91542053222656,2.2413853979636933,True,1.3291484409387504,-6.344513674433817,4.0860437397817275,86.01011779130769,5,Fri,2
AVGO,2025-03-03,2025-03-10,SELL_STRONG,4,186.3660888671875,183.46173095703125,1.5584154433943294,True,1.54979276070904,-5.273002053892616,3.3578117294236063,35.76954183274157,5,Mon,3
AVGO,2025-03-04,2025-03-11,SELL_STRONG,4,186.4754943847656,189.07150268554688,-1.3921444795447415,False,1.622265316006362,-5.992076657694517,3.6208673735637533,-4.620954432010304,5,Tue,3
AVGO,2025-03-05,2025-03-12,BUY_STRONG,4,190.55352783203125,193.1893310546875,1.3832350692450326,True,1.3187319147158065,2.246888900387827,1.2708647776967876,-31.49702422293218,5,Wed,3
AVGO,2025-03-06,2025-03-13,SELL_STRONG,4,178.48851013183594,190.33470153808597,-6.636949010051205,False,1.455820205223583,-4.283128074968208,3.3142824506313526,49.99564764379261,5,Thu,3
AVGO,2025-03-11,2025-03-18,SELL_STRONG,4,189.07150268554688,187.6591033935547,0.747018599805181,True,1.5887611916143405,-2.497953918974011,2.770693318179025,-43.440464034756985,5,Tue,3
AVGO,2025-04-04,2025-04-11,SELL_WEAK,2,145.94647216796875,181.5127716064453,-24.36941360086016,False,1.4260039902326944,-14.992160675359528,8.409665825939705,270.3304189267403,5,Fri,4
AVGO,2025-04-07,2025-04-14,SELL_MODERATE,3,153.77804565429688,177.94117736816406,-15.7129918065076,False,2.0581063015796213,0.08441334414088965,2.9674838837749085,54.44404113187045,5,Mon,4
AVGO,2025-05-14,2025-05-21,BUY_STRONG,4,231.57493591308597,229.1905517578125,-1.029638266279545,False,1.3786536008807926,4.756743944103594,2.699394309655919,-22.353829159082782,5,Wed,5
AVGO,2025-06-03,2025-06-10,BUY_STRONG,4,256.24688720703125,244.0555725097656,-4.7576440167313505,False,1.4558245000183248,6.105674286196643,2.9704579478135686,12.151237051748698,5,Tue,6
AVGO,2025-06-04,2025-06-11,BUY_STRONG,4,260.4669189453125,252.31613159179688,-3.1292984869325995,False,1.4708569294012899,4.973653519100864,2.460269926082261,64.27566807313643,5,Wed,6
AVGO,2025-06-05,2025-06-12,BUY_STRONG,4,259.31964111328125,255.4687042236328,-1.4850155094755022,False,1.9246328385727272,1.1991380421208433,0.8435201495584025,38.15215173040336,5,Thu,6
AVGO,2025-06-06,2025-06-13,SELL_STRONG,4,246.35015869140625,248.11599731445312,-0.716800278281483,False,1.9603922576426822,-5.419790087381576,3.0700024241031807,30.475329781836624,5,Fri,6
AVGO,2025-06-09,2025-06-16,SELL_STRONG,4,243.70639038085935,251.50802612304688,-3.2012438122756204,False,1.6837797802721237,-6.020851588947482,3.345318753799284,-39.63889266134393,5,Mon,6
MA,2025-03-03,2025-03-10,BUY_STRONG,4,573.2339477539062,535.5447998046875,-6.574828322170304,False,1.3410685250779584,1.7881791358978427,1.0963183693041743,26.92797044941515,5,Mon,3
MA,2025-03-04,2025-03-11,SELL_STRONG,4,553.442138671875,524.2579345703125,5.2732168482142345,True,1.429397477175364,-3.6855207013128157,2.0890848695392616,3.5159418481312876,5,Tue,3
MA,2025-03-11,2025-03-18,SELL_STRONG,4,524.2579345703125,528.6351318359375,-0.8349320014035835,False,1.4040821940616708,-3.835263022603652,1.9561739354121062,44.95935216524847,5,Tue,3
MA,2025-03-12,2025-03-19,SELL_WEAK,2,523.1013793945312,534.5178833007812,-2.1824648827086146,False,1.318589912088554,-2.323506906367936,1.3029294533029054,-27.806030718652075,5,Wed,3
MA,2025-04-04,2025-04-11,SELL_WEAK,2,488.3336486816406,509.0612182617188,-4.244550756646939,False,1.3099315693383091,-10.524685100256956,5.668771172934881,104.53816870366661,5,Fri,4
MA,2025-04-07,2025-04-14,SELL_WEAK,2,484.0960998535156,511.767578125,-5.716112623063393,False,1.6146652818978797,-8.487415193056728,4.953151339777348,74.51430230869755,5,Mon,4
MA,2025-04-08,2025-04-15,SELL_STRONG,4,478.5125427246094,516.680908203125,-7.976460817764195,False,1.5846319014997037,-2.011146678822029,1.0184902288717281,-41.95360075753866,5,Tue,4
MA,2025-06-13,2025-06-23,SELL_STRONG,4,561.2705688476562,541.6171264648438,3.501598600326212,True,1.6510729732681872,-4.860005673725993,2.7847793827101825,163.8577364729011,5,Fri,6
MA,2025-06-16,2025-06-24,SELL_STRONG,4,567.9015502929688,556.7766723632812,1.9589448072378748,True,1.7471899848279038,-3.497499097152603,2.478397051293672,56.663306451612904,5,Mon,6
MA,2025-06-17,2025-06-25,BUY_STRONG,4,568.6805419921875,548.9572143554688,-3.468261384084723,False,1.7362624145954473,1.3202140920634151,0.7194874460797349,-61.95685304975107,5,Tue,6
MA,2025-06-18,2025-06-26,SELL_STRONG,4,538.0020141601562,545.0724487304688,-1.3142022491030532,False,1.7902536832011158,-5.264915392005523,3.133623048990348,124.14259056688759,5,Wed,6
MA,2025-06-20,2025-06-27,SELL_STRONG,4,532.2498168945312,549.576416015625,-3.2553508843248937,False,2.4228436924849026,-6.4061845636625865,3.5849745961220645,265.12062672482864,5,Fri,6
MA,2025-06-23,2025-06-30,SELL_MODERATE,3,541.6171264648438,561.1806640625,-3.6120603728593714,False,2.608284767075675,0.6719514443325723,0.8792482983474625,-47.16225526784177,5,Mon,6
MA,2025-06-24,2025-07-01,BUY_STRONG,4,556.7766723632812,563.8470458984375,1.2698760357802903,True,1.849931476075329,4.608147281638268,2.277056752914601,-45.10167259960014,5,Tue,6
GOOGL,2025-02-25,2025-03-04,SELL_WEAK,2,175.00633239746094,170.51695251464844,2.5652671085161454,True,1.3885195838133002,-2.360018569041342,1.3130166307084385,19.07486533784859,5,Tue,2
GOOGL,2025-02-26,2025-03-05,SELL_WEAK,2,172.3226776123047,172.61199951171875,-0.16789542933228163,False,1.3602692244051044,-3.637377165448795,1.8638041355881814,18.681123594000184,5,Wed,2
GOOGL,2025-02-27,2025-03-06,SELL_STRONG,4,168.1026611328125,171.94357299804688,-2.2848608340588936,False,1.6080238589382214,-3.944812264832423,2.0256096231273215,-4.58659998950216,5,Thu,2
GOOGL,2025-02-28,2025-03-07,SELL_WEAK,2,169.87844848632812,173.4500274658203,-2.102432069115365,False,1.571695490796352,-1.4184024760082026,1.2456187292182685,35.842037972075545,5,Fri,2
GOOGL,2025-03-31,2025-04-07,SELL_WEAK,2,154.45301818847656,146.5725555419922,5.102174589342095,True,1.3310273363453584,-4.684423908197073,2.8522545251134925,122.7959507595386,5,Mon,3
GOOGL,2025-04-01,2025-04-08,BUY_STRONG,4,156.8800811767578,144.52503967285156,-7.875468581626845,False,1.4275741576375964,1.775411104122356,0.9658883030216439,-36.976903304547214,5,Tue,4
GOOGL,2025-04-04,2025-04-11,SELL_WEAK,2,145.4239501953125,156.9499969482422,-7.925824279597385,False,1.3099525844269568,-7.28476537719534,3.7920045008962315,148.62329634170206,5,Fri,4
GOOGL,2025-04-07,2025-04-14,SELL_STRONG,4,146.5725555419922,158.87767028808594,-8.395237908346632,False,1.8656286243460938,-2.634030037373134,1.8188918168587822,63.79806072085217,5,Mon,4
GOOGL,2025-04-08,2025-04-15,SELL_MODERATE,3,144.52503967285156,156.12100219726562,-8.023497208970022,False,1.8164824101512043,-0.6181310033551216,0.7053207347907984,-16.157052337394294,5,Tue,4
GOOGL,2025-05-07,2025-05-14,SELL_WEAK,2,151.19696044921875,165.1700439453125,-9.241643122043298,False,1.7000787730984972,-7.813172903958682,4.474333383204447,497.3727614353054,5,Wed,5
GOOGL,2025-05-08,2025-05-15,SELL_STRONG,4,154.0934600830078,163.76174926757812,-6.274302088720801,False,2.090943142415888,-5.483051813532605,3.9521219566260437,170.2362152914857,5,Thu,5
GOOGL,2025-05-09,2025-05-16,SELL_MODERATE,3,152.5653076171875,165.9890594482422,-8.798692206446553,False,2.2428967421461152,0.9050097064803926,0.9494154629564455,-74.55857356767311,5,Fri,5
GOOGL,2025-05-22,2025-05-30,BUY_STRONG,4,170.66339111328125,171.5323486328125,0.5091645688409309,True,1.3522688904903395,4.2017314043500225,2.089809119599791,60.626677566153234,5,Thu,5
GOOGL,2025-06-23,2025-06-30,SELL_STRONG,4,165.19000244140625,176.22999572753906,-6.683209106464391,False,1.6757107750900713,-4.69074806095768,2.575266131658204,100.89175302621265,5,Mon,6
GOOGL,2025-06-24,2025-07-01,SELL_MODERATE,3,166.77000427246094,175.83999633789062,-5.438623153484822,False,1.787892100725296,0.07801541243919125,0.5277360438067387,-46.43886655943241,5,Tue,6
GOOGL,2025-06-27,2025-07-07,BUY_STRONG,4,178.52999877929688,176.7899932861328,-0.9746291968080387,False,1.4730577470271955,4.599253831951627,2.279984991608063,204.800586262296,5,Fri,6
GOOGL,2025-06-30,2025-07-08,BUY_STRONG,4,176.22999572753906,174.36000061035156,-1.0611105728440304,False,1.8284335930442546,1.5500763774785753,1.418251892131806,99.32540169262849,5,Mon,6
GOOGL,2025-07-01,2025-07-09,SELL_WEAK,2,175.83999633789062,176.6199951171875,-0.44358439236886976,False,1.8646212462810703,-1.5067509437064952,0.8218785534815014,-66.7981934562725,5,Tue,7
NVDA,2025-02-27,2025-03-06,SELL_WEAK,2,120.13060760498048,110.55215454101562,7.973366034625588,True,1.7645097033051247,-5.1172680778896344,4.435820950536661,63.27521739594965,5,Thu,2
NVDA,2025-02-28,2025-03-07,SELL_WEAK,2,124.89983367919922,112.67181396484376,9.790261006882274,True,1.911574195508689,-4.844616096063113,4.4510968424476625,20.628279685435412,5,Fri,2
NVDA,2025-03-03,2025-03-10,SELL_WEAK,2,114.04158782958984,106.96273040771484,6.207259611689028,True,1.9215361098791672,-5.0686664263056596,4.547116632788328,-7.174218447848457,5,Mon,3
NVDA,2025-03-04,2025-03-11,SELL_WEAK,2,115.97127532958984,108.74244689941406,6.23329217483509,True,1.637290836400874,-7.148575051382422,4.896590863346761,2.331639042887379,5,Tue,3
NVDA,2025-03-05,2025-03-12,BUY_STRONG,4,117.28106689453124,115.73196411132812,-1.3208464283465218,False,1.3853924976643055,2.840612031623133,1.407679068562865,-30.882169198704656,5,Wed,3
NVDA,2025-04-04,2025-04-11,SELL_WEAK,2,94.30345153808594,110.92229461669922,-17.62273045955428,False,1.475164017148233,-14.589746451155735,7.889865262649158,141.28327497765198,5,Fri,4
NVDA,2025-04-07,2025-04-14,SELL_STRONG,4,97.63321685791016,110.70230865478516,-13.385907191704044,False,2.046602825413011,-4.086446593564796,3.8325003296137305,80.37086584561652,5,Mon,4
NVDA,2025-04-08,2025-04-15,BUY_STRONG,4,96.29331970214844,112.19220733642578,16.510893677209694,True,2.1561052477905815,2.110069283369613,1.7438388550945723,-10.526612431421578,5,Tue,4
NVDA,2025-04-11,2025-04-21,SELL_WEAK,2,110.92229461669922,96.9032745361328,12.63859545009437,True,1.3138307648465237,-2.9738486391966696,3.0466175169575203,-48.864750815891774,5,Fri,4
NVDA,2025-05-15,2025-05-22,BUY_STRONG,4,134.8206329345703,132.82078552246094,-1.4833392846330273,False,1.480987942606374,3.771260347494234,2.23979781704162,-31.412846468890088,5,Thu,5
NVDA,2025-06-02,2025-06-09,SELL_WEAK,2,137.37046813964844,142.62010192871094,-3.8215155412630706,False,1.3377423684443555,-1.3003815345646679,1.4821269340076992,-46.46785752104514,5,Mon,6
NVDA,2025-06-27,2025-07-07,BUY_STRONG,4,157.75,158.24000549316406,0.3106215487569335,True,1.4032438238638967,2.2292803420595164,1.1664976542328649,-2.1965732417103645,5,Fri,6
AMZN,2025-02-25,2025-03-04,SELL_WEAK,2,212.8000030517578,203.8000030517578,4.22932324761809,True,1.3398240648973954,-1.7453129316369196,1.0320148471430555,6.568770459060191,5,Tue,2
AMZN,2025-02-27,2025-03-06,SELL_WEAK,2,208.7400054931641,200.6999969482422,3.851685509889095,True,1.3238470513702756,-1.90789356220368,1.3667802927675852,-31.224600563112727,5,Thu,2
AMZN,2025-03-04,2025-03-11,SELL_WEAK,2,203.8000030517578,196.58999633789065,3.5377853807176236,True,1.3086801470483087,-3.9947219598185217,2.214381288399432,17.54124357515785,5,Tue,3
AMZN,2025-04-03,2025-04-10,SELL_WEAK,2,178.41000366210938,181.22000122070312,-1.5750224207806214,False,1.483988204130611,-7.160324003718263,4.899951958225176,131.5479810891432,5,Thu,4
AMZN,2025-04-04,2025-04-11,SELL_WEAK,2,171.0,184.8699951171875,-8.111108255665204,False,2.117705833840229,-12.759550639119949,7.065923646332313,129.43598265249852,5,Fri,4
AMZN,2025-04-07,2025-04-14,SELL_WEAK,2,175.25999450683594,182.1199951171875,-3.914185110900475,False,2.4683790759112116,-1.7656011942240855,2.126383403387111,14.414422899817492,5,Mon,4
AMZN,2025-04-08,2025-04-15,SELL_MODERATE,3,170.66000366210938,179.58999633789062,-5.232621870477507,False,2.136259303025645,-0.19882826777229534,1.4876387988701227,-28.783024275857137,5,Tue,4
AMZN,2025-05-02,2025-05-09,BUY_STRONG,4,189.97999572753903,193.05999755859372,1.6212242869359208,True,1.4911077277977973,3.0148560968427423,1.740394608804055,41.18963689251765,5,Fri,5
AMZN,2025-05-05,2025-05-12,SELL_WEAK,2,186.3500061035156,208.63999938964844,-11.961359031966422,False,1.3148547637251171,-2.0241802873289543,1.1449090655597502,-52.57924218350254,5,Mon,5
AMZN,2025-06-20,2025-06-27,SELL_STRONG,4,209.69000244140625,223.3000030517578,-6.490533860408824,False,1.430384544204887,-2.388047997349707,1.2100974848410242,134.83760982101396,5,Fri,6
AMZN,2025-06-23,2025-06-30,SELL_WEAK,2,208.47000122070312,219.38999938964844,-5.238162855568137,False,1.484040105958242,-1.905704390333761,0.9882915666840448,-15.889811882192495,5,Mon,6
AMZN,2025-06-24,2025-07-01,BUY_STRONG,4,212.7700042724609,220.4600067138672,3.614232404469433,True,1.3713416388546373,1.4688358029445419,1.0536988188721368,-49.06643203049209,5,Tue,6
AMZN,2025-06-27,2025-07-07,BUY_STRONG,4,223.3000030517578,223.47000122070312,0.07612994474787772,True,1.7290107891949957,5.335156028833834,2.6040909312421037,275.41953098183944,5,Fri,6
AMZN,2025-06-30,2025-07-08,BUY_STRONG,4,219.38999938964844,219.3600006103516,-0.013673722312003443,False,1.9595941723201409,1.045506781278129,1.4213460212468139,16.653856515744604,5,Mon,6
AMZN,2025-07-01,2025-07-09,SELL_WEAK,2,220.4600067138672,222.5399932861328,-0.9434756912464484,False,1.8114086350414327,-1.2718299592823354,0.9141231160427927,-67.07116680409102,5,Tue,7
WBD,2025-02-20,2025-02-27,BUY_STRONG,4,11.039999961853027,11.0,-0.36231849629747176,False,1.375001449458196,3.9548030209026197,1.9616409434085307,-9.42121644205265,5,Thu,2
WBD,2025-02-21,2025-02-28,SELL_WEAK,2,10.779999732971191,11.460000038146973,-6.307980723746819,False,1.3888481461603277,-1.0101065829535056,1.1969908423572522,-1.0540420569122078,5,Fri,2
WBD,2025-02-25,2025-03-04,SELL_MODERATE,3,10.6899995803833,11.31999969482422,-5.893359580640231,False,1.6055750663979138,-0.8348808424606956,1.9334291394037022,20.706595035611187,5,Tue,2
WBD,2025-02-26,2025-03-05,SELL_STRONG,4,10.5,11.43000030517578,-8.857145763578853,False,1.783297790499679,-5.320109508296192,2.7989269682510094,15.167994621220359,5,Wed,2
WBD,2025-02-27,2025-03-06,BUY_STRONG,4,11.0,10.699999809265137,-2.72727446122603,False,2.170887199790912,2.899910493781178,2.3521773142989204,127.22773305754788,5,Thu,2
WBD,2025-03-03,2025-03-10,SELL_MODERATE,3,11.020000457763672,10.59000015258789,3.901998977439632,True,2.1195185716490332,0.18182234330610794,2.3297481623006386,-48.70524960861346,5,Mon,3
WBD,2025-03-04,2025-03-11,SELL_WEAK,2,11.31999969482422,10.369999885559082,8.392224689718866,True,1.3160192473792285,-1.2216434804252367,1.9952301637736012,-38.176352975777704,5,Tue,3
WBD,2025-03-31,2025-04-07,SELL_STRONG,4,10.729999542236328,8.09000015258789,24.603909620467824,True,1.6905355296818358,-2.543148781332445,2.9974998846933496,39.62712045728283,5,Mon,3
WBD,2025-04-01,2025-04-08,SELL_WEAK,2,10.210000038146973,7.690000057220459,24.681684343890286,True,1.5330146398686533,-1.5429107924573833,2.5518959625069946,-19.73839806840434,5,Tue,4
WBD,2025-04-02,2025-04-09,SELL_WEAK,2,10.5600004196167,9.260000228881836,12.310607377627832,True,1.30513500600753,-1.5843348543535725,2.525155235639026,-51.08896817837757,5,Wed,4
WBD,2025-05-12,2025-05-19,BUY_STRONG,4,9.229999542236328,9.050000190734863,-1.95015558427485,False,1.322205210665199,2.441723726590789,1.249262308609069,-32.237697146792776,5,Mon,5
WBD,2025-05-29,2025-06-05,BUY_STRONG,4,10.039999961853027,9.649999618530272,-3.884465585702806,False,1.3148248467525416,5.130887553212279,2.8096098158521654,38.78820162388421,5,Thu,5
WBD,2025-06-09,2025-06-16,SELL_WEAK,2,9.529999732971191,10.760000228881836,-12.906616268363361,False,1.922947788995659,-1.243522179303015,1.5074132196085503,249.66163116105275,5,Mon,6
WBD,2025-06-10,2025-06-17,BUY_STRONG,4,10.010000228881836,10.579999923706056,5.694302515394569,True,2.1633576760410085,1.9348323825076907,2.469994271857989,137.77888761257887,5,Tue,6
TRIP,2025-02-19,2025-02-26,BUY_MODERATE,3,17.700000762939453,14.90999984741211,-15.762716357442722,False,1.518946217135198,-0.617623280748983,0.4866417134009149,90.47572909601782,5,Wed,2
TRIP,2025-02-20,2025-02-27,SELL_STRONG,4,16.5,14.449999809265137,12.424243580211293,True,1.9872698385819516,-6.462581797578835,3.912996138050312,73.98684345069701,5,Thu,2
TRIP,2025-02-21,2025-02-28,SELL_WEAK,2,15.109999656677246,14.800000190734863,2.051617954904395,True,2.2679151297329674,-14.63277398092091,7.885793153782554,36.09034030215168,5,Fri,2
TRIP,2025-02-24,2025-03-03,SELL_WEAK,2,15.020000457763672,14.390000343322754,4.194408090815189,True,2.012543924164419,-8.969694195371686,5.338100607738194,-34.64718097402343,5,Mon,2
TRIP,2025-03-11,2025-03-18,SELL_STRONG,4,13.56999969482422,14.34000015258789,-5.674285004275708,False,1.4724304231629715,-4.234300481575216,3.2233317845055454,105.02286244714134,5,Tue,3
TRIP,2025-03-12,2025-03-19,BUY_STRONG,4,13.75,14.8100004196167,7.709093960848722,True,1.723771787622632,3.305781867105094,1.6333391088984117,-15.101304945054949,5,Wed,3
TRIP,2025-04-04,2025-04-11,SELL_WEAK,2,11.6899995803833,11.619999885559082,0.5987998061324442,True,1.4880210235549454,-18.308880240435215,10.082488406193155,152.23823141223053,5,Fri,4
TRIP,2025-04-07,2025-04-14,SELL_WEAK,2,11.199999809265137,11.710000038146973,-4.553573549706145,False,1.8862025258418857,-13.713403665224744,7.690056310845376,-6.879182727552202,5,Mon,4
TRIP,2025-04-08,2025-04-15,SELL_WEAK,2,10.670000076293944,11.859999656677246,-11.152760748588769,False,1.6790734113497827,-8.72540240121987,4.560165037393253,-17.642313645976415,5,Tue,4
TRIP,2025-05-06,2025-05-13,BUY_MODERATE,3,12.760000228881836,15.670000076293944,22.805641028323965,True,1.500236115280433,-0.854698194680424,0.5764693833469664,146.3430574535084,5,Tue,5
TRIP,2025-05-09,2025-05-16,BUY_STRONG,4,15.020000457763672,15.300000190734863,1.8641792572413847,True,2.267225809755782,4.596105967032753,2.4380780463476817,-39.660825325042396,5,Fri,5
TRIP,2025-05-12,2025-05-19,BUY_STRONG,4,15.300000190734863,14.9399995803833,-2.352945136363894,False,1.47951407898436,2.409642707247829,1.2529793224980308,8.564721120375607,5,Mon,5
TRIP,2025-05-13,2025-05-20,BUY_STRONG,4,15.670000076293944,14.609999656677246,-6.764520832519322,False,1.3609396474608337,4.327560577365323,2.12678810164058,-15.22625070264193,5,Tue,5
TRIP,2025-06-18,2025-06-26,SELL_WEAK,2,13.039999961853027,12.90999984741211,0.9969333958682353,True,1.308120146729551,-2.6138937452997353,1.326376642486389,-13.80970897017917,5,Wed,6
TRIP,2025-06-20,2025-06-27,SELL_WEAK,2,12.970000267028809,13.0600004196167,-0.6939101829988475,False,1.3286073794769042,-1.74242079969494,0.902050861226533,55.57203637924977,5,Fri,6
TRIP,2025-06-24,2025-07-01,BUY_STRONG,4,13.43000030517578,13.869999885559082,3.2762440088235247,True,1.4195947592561926,3.546646327497328,1.8534428257916318,-10.675933360096346,5,Tue,6
TRIP,2025-06-25,2025-07-02,SELL_STRONG,4,12.5,14.989999771118164,-19.919998168945312,False,1.680673586503183,-4.287905066033182,3.6026449413003094,110.30721505053536,5,Wed,6
TRIP,2025-06-26,2025-07-03,SELL_STRONG,4,12.90999984741211,17.5,-35.55383583918466,False,1.9258470088345605,-3.871931838774921,3.6000241815133367,57.03491474958569,5,Thu,6
TRIP,2025-06-27,2025-07-07,BUY_STRONG,4,13.0600004196167,17.170000076293945,31.47013418547709,True,4.225881055691598,4.480003356933594,2.260607079432238,272.99041999746225,5,Fri,6
TRIP,2025-06-30,2025-07-08,BUY_STRONG,4,13.050000190734863,17.489999771118164,34.02298479302381,True,3.4112926811435256,1.08443334606869,0.6447865747952152,-19.765320359174332,5,Mon,6
VNET,2025-02-14,2025-02-24,BUY_STRONG,4,11.539999961853027,13.289999961853027,15.164644764166837,True,1.7942052397333081,2.033594462449391,1.9081693232819927,14.717551854179757,5,Fri,2
VNET,2025-02-18,2025-02-25,BUY_STRONG,4,12.0600004196167,13.550000190734863,12.354889877902014,True,1.8260126891166422,2.6383014435463763,2.220066978127917,126.3458420751478,5,Tue,2
VNET,2025-02-24,2025-03-03,SELL_WEAK,2,13.289999961853027,9.960000038146973,25.056432906428334,True,1.7264076105766433,-9.468666992007314,5.482887949793187,-23.986076285860026,5,Mon,2
VNET,2025-03-13,2025-03-20,SELL_WEAK,2,10.399999618530272,8.859999656677246,14.807692484037402,True,1.488782456396327,-12.678423578737,6.847359429218017,98.51871000086167,5,Thu,3
VNET,2025-04-08,2025-04-15,SELL_WEAK,2,5.769999980926514,5.389999866485596,6.585790566673445,True,1.4089056490749263,-9.702658818678076,6.019824991044153,9.65824068773664,5,Tue,4
VNET,2025-04-09,2025-04-16,SELL_WEAK,2,5.900000095367432,4.739999771118164,19.66102212710264,True,2.0828484265693485,-8.385092500854642,5.885587930509444,114.3846990297809,5,Wed,4
VNET,2025-04-10,2025-04-17,SELL_WEAK,2,5.670000076293945,5.019999980926514,11.463846324889083,True,1.8521184020593953,-1.7331006059468121,1.9952532697209986,-20.701529444088283,5,Thu,4
VNET,2025-04-11,2025-04-21,SELL_STRONG,4,5.539999961853027,4.800000190734863,13.357396682556075,True,1.631776500814025,-6.101697079582585,3.1963795263224974,-71.52254345714837,5,Fri,4
VNET,2025-05-08,2025-05-15,SELL_WEAK,2,6.0,5.989999771118164,0.1666704813639323,True,1.543159755898686,-12.152268418411417,6.590867092353489,67.99218066772983,5,Thu,5
VNET,2025-05-14,2025-05-21,SELL_WEAK,2,6.230000019073486,6.480000019073486,-4.012841079207244,False,1.4231919151004135,-13.831258608048364,8.118181715888573,-51.53356726950218,5,Wed,5
VNET,2025-05-29,2025-06-05,SELL_WEAK,2,5.460000038146973,6.03000020980835,-10.439563510604387,False,1.3393944154263049,-9.6026478041254,6.337322774739433,-52.75359609249932,5,Thu,5
VNET,2025-06-26,2025-07-03,BUY_STRONG,4,5.909999847412109,7.75,31.13367512849592,True,1.8340084654359534,1.1986248800558617,1.3556281045553664,-32.027614263260084,5,Thu,6
VNET,2025-07-01,2025-07-09,SELL_STRONG,4,6.610000133514404,7.179999828338623,-8.62329324222209,False,3.4190392837932704,-5.3008579448140924,2.850353880483372,-72.3828916563379,5,Tue,7
SOUN,2025-02-14,2025-02-24,SELL_WEAK,2,10.96500015258789,9.43000030517578,13.999086420895582,True,2.09796012842712,-21.51037979242668,16.421111215048896,613.2504576267777,5,Fri,2
SOUN,2025-02-18,2025-02-25,SELL_WEAK,2,11.4399995803833,8.899999618530273,22.20279768373841,True,2.517048653622771,-24.983609308961963,18.71355674918133,82.04374506950212,5,Tue,2
SOUN,2025-02-19,2025-02-26,SELL_MODERATE,3,11.06999969482422,9.56999969482422,13.550135874902736,True,2.5132333472847166,0.9575881511643076,2.2361400525668667,-73.20613619224194,5,Wed,2
SOUN,2025-04-07,2025-04-14,SELL_WEAK,2,7.599999904632568,8.149999618530273,-7.236838431569632,False,1.3273799306374598,-8.433738192966457,6.5216695138290595,67.52443497987124,5,Mon,4
SOUN,2025-04-08,2025-04-15,SELL_WEAK,2,7.179999828338623,8.229999542236328,-14.623951796676632,False,1.5545126377636789,-1.9125729513607221,2.902989197054658,0.8723720063321894,5,Tue,4
SOUN,2025-05-09,2025-05-16,SELL_WEAK,2,8.979999542236328,11.1899995803833,-24.61024666819311,False,1.4470421260174764,-2.0719796344255226,4.254391444744341,161.9279172749979,5,Fri,5
SOUN,2025-05-15,2025-05-22,SELL_STRONG,4,11.010000228881836,9.550000190734863,13.260672187063602,True,1.5909593187103086,-2.2202486227198417,3.3665703809067167,-43.61072952620623,5,Thu,5
SOUN,2025-06-24,2025-07-01,BUY_STRONG,4,9.81999969482422,10.479999542236328,6.7209762517606855,True,1.3589924162481661,2.612330281841163,1.7881924428605231,95.12312191186851,5,Tue,6
SOUN,2025-06-26,2025-07-03,BUY_STRONG,4,9.920000076293944,11.09000015258789,11.794355517092422,True,1.4900642719915582,1.0183338551673247,1.845217254443223,-24.111386041396642,5,Thu,6
SOUN,2025-07-10,2025-07-17,SELL_STRONG,4,12.289999961853027,12.640000343322754,-2.847846888170008,False,1.9766510424023305,-3.3044852480990103,2.4707888819708166,-47.38093020094012,5,Thu,7
BBAI,2025-03-10,2025-03-17,SELL_WEAK,2,3.140000104904175,3.490000009536743,-11.146493405714377,False,1.4401228894563418,-25.23808934520946,15.82036494221918,12.005267577129807,5,Mon,3
BBAI,2025-03-11,2025-03-18,SELL_WEAK,2,3.180000066757202,2.970000028610229,6.603774645864085,True,1.3428836697117799,-4.7904147162800985,3.2866444277908133,-45.93933476236609,5,Tue,3
BBAI,2025-04-04,2025-04-11,SELL_WEAK,2,2.8499999046325684,2.809999942779541,1.4035074804040835,True,1.4096681331779908,-8.945693277022878,4.754278551041049,21.045075070198106,5,Fri,4
BBAI,2025-04-07,2025-04-14,SELL_STRONG,4,2.930000066757202,2.619999885559082,10.58021072133336,True,1.4451749884617324,-3.6184176472415266,3.244691916931281,15.353392315330439,5,Mon,4
BBAI,2025-04-08,2025-04-15,SELL_WEAK,2,2.6600000858306885,2.569999933242798,3.3834642738285696,True,1.3947810001309666,-6.666660531919397,4.929535337740863,3.6829916602337587,5,Tue,4
BBAI,2025-04-29,2025-05-06,BUY_STRONG,4,3.5799999237060547,3.0899999141693115,-13.687151396067346,False,2.291464712102639,1.416429255567361,0.7431878737092891,-51.709161884611376,5,Tue,4
BBAI,2025-04-30,2025-05-07,SELL_WEAK,2,3.4100000858306885,3.049999952316284,10.55718840038407,True,1.3959654434723139,-4.481788526723418,2.710051979655238,-50.37184187500452,5,Wed,4
BBAI,2025-05-02,2025-05-09,SELL_WEAK,2,3.359999895095825,3.1600000858306885,5.9523754615900915,True,1.321628819008682,-1.4662812163150738,1.0698994360355873,88.16469265835431,5,Fri,5
BBAI,2025-05-05,2025-05-12,SELL_WEAK,2,3.2100000381469727,3.25,-1.2461047158154555,False,1.385636087117093,-3.89221195697758,2.4655459657187384,-17.653824265651053,5,Mon,5
BBAI,2025-05-16,2025-05-23,SELL_WEAK,2,3.670000076293945,3.640000104904175,0.8174378955344536,True,1.3527672457750723,-4.675320332398856,3.0531735947823835,-47.05680615130745,5,Fri,5
BBAI,2025-05-23,2025-06-02,SELL_STRONG,4,3.640000104904175,3.950000047683716,-8.516481699049345,False,1.6936934731052178,-2.150535566956493,2.4199886004697353,-22.09795694220643,5,Fri,5
BBAI,2025-05-29,2025-06-05,SELL_WEAK,2,3.869999885559082,3.7699999809265137,2.583976940302204,True,1.3077539022744877,-13.808461406773764,7.460615472337053,-60.088186907412464,5,Thu,5
BBAI,2025-06-18,2025-06-26,SELL_STRONG,4,3.9600000381469727,5.800000190734863,-46.46464987027862,False,1.7573204739376271,-4.347822080763087,2.2222200855059766,45.44289557834069,5,Wed,6
BBAI,2025-06-20,2025-06-27,SELL_WEAK,2,4.0,5.840000152587891,-46.000003814697266,False,1.77275246159234,-1.234572552595136,1.1263757794225615,-8.890605807176645,5,Fri,6
BBAI,2025-06-23,2025-06-30,BUY_STRONG,4,4.179999828338623,6.789999961853027,62.440197145935564,True,1.6676057184894386,5.555550203847883,2.8959438649929865,-4.850099823050913,5,Mon,6
QS,2025-03-04,2025-03-11,SELL_WEAK,2,4.420000076293945,4.239999771118164,4.072405024180606,True,1.368992081897469,-5.756929160604955,4.876564525063808,-2.2811430871402694,5,Tue,3
QS,2025-04-02,2025-04-09,SELL_WEAK,2,4.099999904632568,4.050000190734863,1.2195052453833148,True,1.3995907009190576,-1.442306369719372,1.0121543284926013,-10.85139988176227,5,Wed,4
QS,2025-04-03,2025-04-10,SELL_WEAK,2,3.990000009536743,3.7699999809265137,5.513785165022405,True,1.357619469311662,-2.205880290496682,1.444402572009495,17.282041767167634,5,Thu,4
QS,2025-04-04,2025-04-11,SELL_STRONG,4,3.829999923706055,3.7699999809265137,1.5665781716643796,True,1.4624027672150395,-6.585365541629444,3.4170153669516883,34.53525085863034,5,Fri,4
QS,2025-04-07,2025-04-14,SELL_STRONG,4,3.7200000286102295,3.809999942779541,-2.419352512826054,False,1.460277820882799,-6.766916799026822,3.5295340342047536,0.61082791351732,5,Mon,4
QS,2025-04-08,2025-04-15,SELL_WEAK,2,3.470000028610229,3.7899999618530273,-9.221900017417624,False,1.3907905684677635,-9.399475255014531,5.0221745136790075,-10.84347986021703,5,Tue,4
QS,2025-05-19,2025-05-27,SELL_WEAK,2,3.9700000286102295,3.990000009536743,-0.5037778534604955,False,3.024825122669563,-6.80751607254551,8.878151603429533,242.5458518289116,5,Mon,5
QS,2025-05-20,2025-05-28,SELL_WEAK,2,3.990000009536743,4.320000171661377,-8.270680735235093,False,2.9086013537883537,-15.644820434518614,10.239436273781417,-62.344174613922945,5,Tue,5
QS,2025-05-21,2025-05-29,SELL_WEAK,2,3.910000085830689,4.059999942779541,-3.8363133927395876,False,1.7984348259880378,-1.5113335603814755,1.0522311672245297,-67.46846346835297,5,Wed,5
QS,2025-06-30,2025-07-08,SELL_WEAK,2,6.71999979019165,8.180000305175781,-21.7261988179689,False,4.146348564500331,-12.156866582772416,8.11827107172952,-73.91289505903309,5,Mon,6
QS,2025-07-01,2025-07-09,SELL_STRONG,4,6.360000133514404,8.359999656677246,-31.446532722911808,False,1.4175377436663772,-3.927488769476313,2.829918113300553,-66.03334932976193,5,Tue,7
