analysis_days,holding_days,off_exchange_threshold,price_stability_threshold,trade_count,avg_return,hit_rate,avg_off_exchange
2,1,20,0.5,548,0.541,53.467,40.505
2,1,20,1.0,1047,0.33,52.531,40.537
2,1,20,1.5,1508,0.293,52.056,40.737
2,1,20,2.0,1888,0.284,52.542,40.748
2,1,20,2.5,2170,0.268,52.581,40.92
2,1,25,0.5,539,0.545,53.432,40.8
2,1,25,1.0,1032,0.327,52.519,40.792
2,1,25,1.5,1490,0.293,52.013,40.95
2,1,25,2.0,1865,0.282,52.547,40.967
2,1,25,2.5,2147,0.266,52.585,41.112
2,1,30,0.5,512,0.538,52.734,41.501
2,1,30,1.0,986,0.313,51.826,41.407
2,1,30,1.5,1419,0.285,51.727,41.61
2,1,30,2.0,1770,0.287,52.373,41.668
2,1,30,2.5,2040,0.273,52.353,41.805
2,1,35,0.5,417,0.457,50.12,43.496
2,1,35,1.0,789,0.253,50.57,43.607
2,1,35,1.5,1151,0.249,50.999,43.713
2,1,35,2.0,1449,0.292,51.829,43.674
2,1,35,2.5,1680,0.262,51.964,43.77
2,1,40,0.5,236,0.463,50.847,47.983
2,1,40,1.0,453,0.297,49.89,48.096
2,1,40,1.5,680,0.247,49.853,47.92
2,1,40,2.0,861,0.268,50.29,47.805
2,1,40,2.5,1007,0.281,51.142,47.89
2,1,45,0.5,124,0.768,54.032,53.421
2,1,45,1.0,238,0.581,52.101,53.548
2,1,45,1.5,353,0.375,52.408,53.308
2,1,45,2.0,443,0.334,52.144,53.127
2,1,45,2.5,520,0.376,53.269,53.289
2,1,50,0.5,63,1.507,57.143,59.286
2,1,50,1.0,126,1.025,53.175,59.165
2,1,50,1.5,177,0.643,53.107,59.303
2,1,50,2.0,221,0.486,52.941,59.013
2,1,50,2.5,260,0.492,53.846,59.363
2,2,20,0.5,544,0.881,57.537,40.537
2,2,20,1.0,1039,0.622,56.304,40.568
2,2,20,1.5,1499,0.595,54.703,40.74
2,2,20,2.0,1876,0.537,54.318,40.752
2,2,20,2.5,2155,0.508,53.968,40.919
2,2,25,0.5,535,0.894,57.383,40.834
2,2,25,1.0,1024,0.621,56.25,40.825
2,2,25,1.5,1481,0.598,54.625,40.955
2,2,25,2.0,1853,0.533,54.182,40.972
2,2,25,2.5,2132,0.504,53.846,41.112
2,2,30,0.5,508,0.888,57.087,41.543
2,2,30,1.0,978,0.589,55.93,41.447
2,2,30,1.5,1410,0.584,54.184,41.62
2,2,30,2.0,1758,0.535,53.811,41.678
2,2,30,2.5,2025,0.508,53.531,41.81
2,2,35,0.5,415,0.814,55.663,43.513
2,2,35,1.0,785,0.504,53.758,43.623
2,2,35,1.5,1146,0.532,52.705,43.703
2,2,35,2.0,1441,0.53,52.741,43.672
2,2,35,2.5,1669,0.462,52.546,43.767
2,2,40,0.5,235,0.883,55.319,48.002
2,2,40,1.0,451,0.648,53.215,48.118
2,2,40,1.5,677,0.64,52.437,47.902
2,2,40,2.0,857,0.57,52.275,47.797
2,2,40,2.5,1000,0.547,52.4,47.893
2,2,45,0.5,124,1.67,58.871,53.421
2,2,45,1.0,238,1.275,57.563,53.548
2,2,45,1.5,352,0.934,53.977,53.263
2,2,45,2.0,442,0.74,52.941,53.091
2,2,45,2.5,518,0.746,52.896,53.268
2,2,50,0.5,63,2.944,65.079,59.286
2,2,50,1.0,126,1.905,59.524,59.165
2,2,50,1.5,176,1.242,53.409,59.247
2,2,50,2.0,220,1.047,54.091,58.967
2,2,50,2.5,259,0.943,53.668,59.325
2,3,20,0.5,539,0.917,59.369,40.428
2,3,20,1.0,1028,0.693,58.171,40.527
2,3,20,1.5,1484,0.754,56.604,40.705
2,3,20,2.0,1859,0.702,56.159,40.716
2,3,20,2.5,2137,0.667,56.06,40.891
2,3,25,0.5,530,0.935,59.057,40.726
2,3,25,1.0,1013,0.697,58.045,40.786
2,3,25,1.5,1466,0.767,56.548,40.921
2,3,25,2.0,1836,0.704,56.046,40.938
2,3,25,2.5,2114,0.668,55.96,41.086
2,3,30,0.5,503,0.912,58.847,41.436
2,3,30,1.0,967,0.654,57.704,41.414
2,3,30,1.5,1395,0.734,56.129,41.591
2,3,30,2.0,1741,0.689,55.6,41.649
2,3,30,2.5,2007,0.656,55.605,41.788
2,3,35,0.5,410,0.853,58.049,43.406
2,3,35,1.0,777,0.576,56.885,43.573
2,3,35,1.5,1134,0.67,55.379,43.669
2,3,35,2.0,1427,0.658,55.011,43.64
2,3,35,2.5,1654,0.59,54.776,43.744
2,3,40,0.5,231,0.889,58.874,47.873
2,3,40,1.0,446,0.736,58.296,48.045
2,3,40,1.5,669,0.794,56.801,47.862
2,3,40,2.0,847,0.74,55.844,47.765
2,3,40,2.5,990,0.768,55.859,47.866
2,3,45,0.5,122,1.562,57.377,53.175
2,3,45,1.0,235,1.327,57.872,53.431
2,3,45,1.5,348,1.11,56.609,53.185
2,3,45,2.0,436,0.892,55.734,53.054
2,3,45,2.5,512,0.996,56.055,53.239
2,3,50,0.5,61,2.616,62.295,58.985
2,3,50,1.0,123,2.073,60.163,59.078
2,3,50,1.5,172,1.321,56.977,59.229
2,3,50,2.0,216,1.112,56.944,58.947
2,3,50,2.5,255,1.202,57.255,59.315
2,4,20,0.5,531,1.154,58.569,40.355
2,4,20,1.0,1016,0.911,56.004,40.487
2,4,20,1.5,1467,0.958,55.896,40.688
2,4,20,2.0,1841,0.878,55.839,40.705
2,4,20,2.5,2117,0.888,55.55,40.883
2,4,25,0.5,522,1.163,58.429,40.656
2,4,25,1.0,1001,0.896,55.944,40.749
2,4,25,1.5,1449,0.956,55.901,40.907
2,4,25,2.0,1818,0.866,55.776,40.929
2,4,25,2.5,2094,0.878,55.492,41.079
2,4,30,0.5,495,1.098,58.384,41.374
2,4,30,1.0,955,0.837,55.916,41.382
2,4,30,1.5,1378,0.916,55.878,41.584
2,4,30,2.0,1723,0.832,55.659,41.647
2,4,30,2.5,1987,0.851,55.41,41.789
2,4,35,0.5,404,1.023,57.673,43.31
2,4,35,1.0,767,0.671,55.15,43.536
2,4,35,1.5,1120,0.795,55.089,43.659
2,4,35,2.0,1412,0.75,55.028,43.636
2,4,35,2.5,1637,0.746,54.612,43.745
2,4,40,0.5,227,1.12,57.709,47.739
2,4,40,1.0,440,0.908,56.136,47.997
2,4,40,1.5,662,0.961,55.438,47.829
2,4,40,2.0,840,0.874,55.238,47.738
2,4,40,2.5,982,0.999,54.582,47.85
2,4,45,0.5,118,2.112,58.475,53.097
2,4,45,1.0,231,1.746,58.009,53.395
2,4,45,1.5,343,1.367,55.685,53.176
2,4,45,2.0,431,1.007,54.988,53.045
2,4,45,2.5,507,1.159,54.438,53.233
2,4,50,0.5,59,3.377,62.712,58.767
2,4,50,1.0,121,2.415,58.678,58.974
2,4,50,1.5,170,1.547,53.529,59.156
2,4,50,2.0,214,1.301,55.14,58.887
2,4,50,2.5,253,1.645,55.731,59.266
2,5,20,0.5,526,1.606,59.125,40.361
2,5,20,1.0,1005,1.426,57.612,40.484
2,5,20,1.5,1452,1.395,57.576,40.686
2,5,20,2.0,1822,1.38,57.08,40.718
2,5,20,2.5,2097,1.357,57.082,40.892
2,5,25,0.5,517,1.619,58.801,40.665
2,5,25,1.0,990,1.401,57.475,40.748
2,5,25,1.5,1434,1.398,57.601,40.907
2,5,25,2.0,1800,1.378,57.056,40.934
2,5,25,2.5,2075,1.355,57.06,41.081
2,5,30,0.5,490,1.562,58.776,41.391
2,5,30,1.0,945,1.354,57.46,41.376
2,5,30,1.5,1364,1.36,57.478,41.583
2,5,30,2.0,1707,1.362,57.118,41.644
2,5,30,2.5,1970,1.349,57.157,41.784
2,5,35,0.5,400,1.543,57.75,43.324
2,5,35,1.0,760,1.256,56.711,43.509
2,5,35,1.5,1110,1.305,57.027,43.639
2,5,35,2.0,1400,1.371,56.929,43.621
2,5,35,2.5,1624,1.321,56.958,43.73
2,5,40,0.5,225,1.731,56.889,47.752
2,5,40,1.0,436,1.539,57.569,47.947
2,5,40,1.5,657,1.588,57.382,47.777
2,5,40,2.0,833,1.739,57.743,47.707
2,5,40,2.5,974,1.771,58.008,47.823
2,5,45,0.5,117,2.874,60.684,53.142
2,5,45,1.0,229,2.214,59.825,53.315
2,5,45,1.5,340,1.893,57.647,53.102
2,5,45,2.0,427,1.95,57.611,53.001
2,5,45,2.5,502,2.019,57.769,53.206
2,5,50,0.5,59,3.621,62.712,58.767
2,5,50,1.0,120,2.869,60.0,58.819
2,5,50,1.5,168,2.234,57.738,59.046
2,5,50,2.0,212,2.738,58.962,58.797
2,5,50,2.5,251,2.966,59.363,59.193
2,6,20,0.5,518,1.692,61.583,40.42
2,6,20,1.0,994,1.673,58.652,40.514
2,6,20,1.5,1437,1.736,58.455,40.697
2,6,20,2.0,1806,1.749,58.693,40.727
2,6,20,2.5,2078,1.716,58.47,40.888
2,6,25,0.5,510,1.701,61.373,40.693
2,6,25,1.0,980,1.649,58.469,40.763
2,6,25,1.5,1420,1.75,58.451,40.907
2,6,25,2.0,1785,1.755,58.655,40.935
2,6,25,2.5,2057,1.721,58.435,41.07
2,6,30,0.5,483,1.622,61.491,41.431
2,6,30,1.0,935,1.61,58.503,41.398
2,6,30,1.5,1350,1.735,58.37,41.59
2,6,30,2.0,1692,1.744,58.57,41.652
2,6,30,2.5,1952,1.722,58.35,41.779
2,6,35,0.5,394,1.614,60.914,43.378
2,6,35,1.0,752,1.547,57.181,43.532
2,6,35,1.5,1099,1.721,57.507,43.642
2,6,35,2.0,1388,1.782,57.853,43.626
2,6,35,2.5,1609,1.725,57.551,43.723
2,6,40,0.5,223,1.894,62.78,47.767
2,6,40,1.0,432,1.959,58.796,47.966
2,6,40,1.5,651,2.133,59.601,47.769
2,6,40,2.0,826,2.224,59.685,47.71
2,6,40,2.5,966,2.204,59.213,47.799
2,6,45,0.5,116,3.027,65.517,53.18
2,6,45,1.0,226,2.928,60.619,53.401
2,6,45,1.5,335,2.663,59.701,53.152
2,6,45,2.0,422,2.78,60.427,53.04
2,6,45,2.5,496,2.756,59.274,53.199
2,6,50,0.5,59,3.465,62.712,58.767
2,6,50,1.0,120,3.781,57.5,58.819
2,6,50,1.5,167,3.299,57.485,59.03
2,6,50,2.0,211,3.649,59.242,58.783
2,6,50,2.5,249,3.921,59.438,59.125
2,7,20,0.5,511,1.949,62.231,40.403
2,7,20,1.0,981,1.774,59.531,40.51
2,7,20,1.5,1421,1.898,60.028,40.699
2,7,20,2.0,1789,1.939,59.922,40.726
2,7,20,2.5,2060,1.971,59.612,40.889
2,7,25,0.5,503,1.96,61.829,40.679
2,7,25,1.0,967,1.735,59.255,40.762
2,7,25,1.5,1404,1.902,59.972,40.912
2,7,25,2.0,1768,1.935,59.842,40.936
2,7,25,2.5,2039,1.968,59.539,41.073
2,7,30,0.5,477,1.929,62.264,41.395
2,7,30,1.0,923,1.706,59.372,41.39
2,7,30,1.5,1335,1.899,60.075,41.592
2,7,30,2.0,1676,1.95,59.845,41.65
2,7,30,2.5,1935,1.996,59.587,41.78
2,7,35,0.5,389,1.987,60.925,43.342
2,7,35,1.0,742,1.653,57.817,43.53
2,7,35,1.5,1086,1.893,59.208,43.654
2,7,35,2.0,1374,2.006,59.243,43.633
2,7,35,2.5,1594,2.024,58.908,43.732
2,7,40,0.5,221,2.328,61.538,47.661
2,7,40,1.0,427,1.952,58.548,47.95
2,7,40,1.5,645,2.159,60.0,47.762
2,7,40,2.0,819,2.412,60.562,47.705
2,7,40,2.5,959,2.483,60.063,47.796
2,7,45,0.5,114,4.208,64.912,53.069
2,7,45,1.0,223,3.197,60.538,53.383
2,7,45,1.5,332,2.87,60.241,53.139
2,7,45,2.0,418,3.153,60.526,53.043
2,7,45,2.5,492,3.227,59.959,53.203
2,7,50,0.5,58,4.385,60.345,58.507
2,7,50,1.0,119,4.011,57.983,58.693
2,7,50,1.5,166,3.333,55.422,58.94
2,7,50,2.0,210,4.256,58.571,58.711
2,7,50,2.5,248,4.608,59.677,59.065
3,1,20,0.5,378,0.671,60.317,40.797
3,1,20,1.0,742,0.417,56.469,40.257
3,1,20,1.5,1103,0.493,56.301,40.591
3,1,20,2.0,1385,0.473,55.668,40.555
3,1,20,2.5,1646,0.461,55.164,40.848
3,1,25,0.5,375,0.677,60.533,40.934
3,1,25,1.0,736,0.42,56.386,40.387
3,1,25,1.5,1095,0.489,56.164,40.713
3,1,25,2.0,1374,0.471,55.604,40.688
3,1,25,2.5,1635,0.46,55.107,40.961
3,1,30,0.5,360,0.65,60.278,41.501
3,1,30,1.0,701,0.405,55.92,41.009
3,1,30,1.5,1046,0.494,55.927,41.31
3,1,30,2.0,1311,0.486,55.378,41.298
3,1,30,2.5,1567,0.47,54.882,41.526
3,1,35,0.5,288,0.699,60.764,43.67
3,1,35,1.0,556,0.359,55.576,43.167
3,1,35,1.5,826,0.503,55.811,43.589
3,1,35,2.0,1041,0.499,55.62,43.507
3,1,35,2.5,1255,0.478,54.98,43.693
3,1,40,0.5,161,0.551,59.006,48.397
3,1,40,1.0,307,0.306,54.723,47.672
3,1,40,1.5,471,0.51,54.989,48.095
3,1,40,2.0,588,0.518,55.442,48.054
3,1,40,2.5,723,0.531,54.91,48.155
3,1,45,0.5,88,0.387,61.364,53.377
3,1,45,1.0,157,0.296,57.325,53.007
3,1,45,1.5,243,0.461,56.79,53.667
3,1,45,2.0,301,0.502,57.143,53.692
3,1,45,2.5,370,0.519,55.676,53.862
3,1,50,0.5,42,-0.136,47.619,60.16
3,1,50,1.0,77,0.224,53.247,59.13
3,1,50,1.5,132,0.497,56.061,59.112
3,1,50,2.0,169,0.572,56.805,58.783
3,1,50,2.5,211,0.536,54.976,58.881
3,2,20,0.5,370,1.061,58.919,40.832
3,2,20,1.0,731,0.595,54.993,40.276
3,2,20,1.5,1089,0.682,54.913,40.594
3,2,20,2.0,1370,0.586,54.015,40.559
3,2,20,2.5,1631,0.564,53.648,40.854
3,2,25,0.5,367,1.107,59.401,40.972
3,2,25,1.0,725,0.616,55.034,40.409
3,2,25,1.5,1081,0.685,54.949,40.718
3,2,25,2.0,1359,0.588,54.084,40.694
3,2,25,2.5,1620,0.565,53.704,40.968
3,2,30,0.5,352,1.069,58.523,41.554
3,2,30,1.0,690,0.591,54.493,41.042
3,2,30,1.5,1032,0.689,54.457,41.323
3,2,30,2.0,1296,0.6,53.704,41.31
3,2,30,2.5,1552,0.575,53.351,41.539
3,2,35,0.5,283,1.047,57.597,43.691
3,2,35,1.0,549,0.369,53.552,43.179
3,2,35,1.5,816,0.585,53.676,43.594
3,2,35,2.0,1030,0.513,52.816,43.516
3,2,35,2.5,1244,0.482,52.01,43.701
3,2,40,0.5,158,0.785,53.797,48.458
3,2,40,1.0,302,0.443,52.649,47.737
3,2,40,1.5,464,0.695,52.586,48.139
3,2,40,2.0,581,0.599,52.496,48.089
3,2,40,2.5,716,0.551,52.235,48.184
3,2,45,0.5,86,0.76,50.0,53.536
3,2,45,1.0,155,0.397,50.968,53.09
3,2,45,1.5,239,0.672,51.046,53.767
3,2,45,2.0,297,0.639,52.862,53.773
3,2,45,2.5,366,0.733,52.732,53.929
3,2,50,0.5,42,0.745,45.238,60.16
3,2,50,1.0,77,0.291,51.948,59.13
3,2,50,1.5,131,0.836,51.145,59.172
3,2,50,2.0,168,0.932,54.167,58.827
3,2,50,2.5,210,0.941,53.333,58.917
3,3,20,0.5,367,1.373,62.125,40.829
3,3,20,1.0,725,0.79,57.241,40.247
3,3,20,1.5,1081,0.881,57.724,40.573
3,3,20,2.0,1358,0.755,56.775,40.546
3,3,20,2.5,1617,0.761,56.339,40.846
3,3,25,0.5,364,1.421,62.637,40.97
3,3,25,1.0,719,0.813,57.441,40.38
3,3,25,1.5,1073,0.87,57.875,40.698
3,3,25,2.0,1347,0.755,57.016,40.681
3,3,25,2.5,1606,0.761,56.538,40.961
3,3,30,0.5,349,1.41,61.605,41.557
3,3,30,1.0,684,0.813,56.579,41.017
3,3,30,1.5,1024,0.864,57.129,41.307
3,3,30,2.0,1284,0.758,56.464,41.303
3,3,30,2.5,1538,0.76,55.982,41.537
3,3,35,0.5,280,1.37,61.071,43.718
3,3,35,1.0,545,0.565,55.78,43.131
3,3,35,1.5,811,0.741,56.35,43.555
3,3,35,2.0,1021,0.662,56.317,43.5
3,3,35,2.5,1233,0.662,55.637,43.696
3,3,40,0.5,157,1.562,60.51,48.478
3,3,40,1.0,300,0.915,56.333,47.652
3,3,40,1.5,461,0.941,55.965,48.079
3,3,40,2.0,577,0.876,57.192,48.045
3,3,40,2.5,712,0.858,56.601,48.149
3,3,45,0.5,85,1.855,62.353,53.633
3,3,45,1.0,153,1.03,56.863,52.994
3,3,45,1.5,236,1.083,55.508,53.723
3,3,45,2.0,293,1.051,58.02,53.763
3,3,45,2.5,362,1.121,56.63,53.923
3,3,50,0.5,42,2.257,57.143,60.16
3,3,50,1.0,76,0.959,53.947,58.914
3,3,50,1.5,129,1.148,54.264,59.109
3,3,50,2.0,166,1.3,59.639,58.774
3,3,50,2.5,208,1.164,57.212,58.875
3,4,20,0.5,361,1.728,62.604,40.752
3,4,20,1.0,717,1.051,58.717,40.199
3,4,20,1.5,1070,1.28,58.972,40.553
3,4,20,2.0,1343,1.127,57.856,40.534
3,4,20,2.5,1597,1.166,57.733,40.836
3,4,25,0.5,358,1.781,63.128,40.895
3,4,25,1.0,711,1.075,58.931,40.334
3,4,25,1.5,1062,1.272,59.134,40.679
3,4,25,2.0,1332,1.128,58.033,40.67
3,4,25,2.5,1586,1.168,57.881,40.953
3,4,30,0.5,343,1.71,62.391,41.489
3,4,30,1.0,676,1.049,58.58,40.976
3,4,30,1.5,1013,1.264,58.835,41.293
3,4,30,2.0,1270,1.138,57.874,41.289
3,4,30,2.5,1519,1.179,57.801,41.528
3,4,35,0.5,277,1.636,62.094,43.558
3,4,35,1.0,540,0.765,58.333,43.051
3,4,35,1.5,803,1.151,58.406,43.527
3,4,35,2.0,1010,1.048,57.822,43.48
3,4,35,2.5,1219,1.115,57.834,43.673
3,4,40,0.5,154,1.651,61.039,48.283
3,4,40,1.0,296,1.149,59.122,47.551
3,4,40,1.5,457,1.44,57.549,48.017
3,4,40,2.0,571,1.334,58.144,48.007
3,4,40,2.5,703,1.418,58.748,48.123
3,4,45,0.5,83,1.639,61.446,53.316
3,4,45,1.0,150,0.898,56.667,52.862
3,4,45,1.5,233,1.576,55.365,53.647
3,4,45,2.0,289,1.568,57.439,53.731
3,4,45,2.5,356,1.775,58.146,53.919
3,4,50,0.5,40,2.154,60.0,59.829
3,4,50,1.0,74,0.754,54.054,58.701
3,4,50,1.5,127,1.687,55.118,58.988
3,4,50,2.0,164,1.932,59.756,58.676
3,4,50,2.5,205,2.063,59.512,58.837
3,5,20,0.5,361,1.962,60.665,40.752
3,5,20,1.0,712,1.416,57.444,40.233
3,5,20,1.5,1061,1.7,59.284,40.57
3,5,20,2.0,1330,1.545,58.271,40.55
3,5,20,2.5,1583,1.564,58.054,40.862
3,5,25,0.5,358,2.011,60.894,40.895
3,5,25,1.0,706,1.443,57.507,40.369
3,5,25,1.5,1053,1.693,59.354,40.697
3,5,25,2.0,1319,1.547,58.302,40.688
3,5,25,2.5,1572,1.566,58.079,40.981
3,5,30,0.5,343,2.005,60.933,41.489
3,5,30,1.0,671,1.46,57.675,41.018
3,5,30,1.5,1005,1.678,59.303,41.303
3,5,30,2.0,1258,1.555,58.267,41.303
3,5,30,2.5,1507,1.573,58.062,41.541
3,5,35,0.5,277,1.943,61.733,43.558
3,5,35,1.0,538,1.222,57.435,43.058
3,5,35,1.5,800,1.62,59.125,43.492
3,5,35,2.0,1004,1.529,58.068,43.458
3,5,35,2.5,1213,1.577,57.873,43.655
3,5,40,0.5,154,2.332,60.39,48.283
3,5,40,1.0,295,1.878,58.644,47.559
3,5,40,1.5,455,2.148,59.121,47.962
3,5,40,2.0,568,2.0,57.923,47.961
3,5,40,2.5,700,2.071,58.0,48.086
3,5,45,0.5,83,2.169,57.831,53.316
3,5,45,1.0,149,1.804,55.705,52.913
3,5,45,1.5,231,2.447,58.442,53.586
3,5,45,2.0,286,2.437,58.042,53.7
3,5,45,2.5,353,2.647,58.64,53.895
3,5,50,0.5,40,2.859,55.0,59.829
3,5,50,1.0,74,2.002,55.405,58.701
3,5,50,1.5,126,3.125,58.73,58.852
3,5,50,2.0,163,3.157,58.282,58.569
3,5,50,2.5,204,3.3,58.824,58.752
3,6,20,0.5,361,2.334,63.712,40.752
3,6,20,1.0,706,1.764,61.331,40.246
3,6,20,1.5,1050,1.949,61.619,40.59
3,6,20,2.0,1316,1.792,60.258,40.572
3,6,20,2.5,1569,1.792,60.102,40.884
3,6,25,0.5,358,2.362,63.687,40.895
3,6,25,1.0,700,1.782,61.286,40.383
3,6,25,1.5,1042,1.935,61.612,40.719
3,6,25,2.0,1305,1.789,60.23,40.712
3,6,25,2.5,1558,1.79,60.077,41.003
3,6,30,0.5,343,2.398,63.848,41.489
3,6,30,1.0,665,1.851,61.805,41.039
3,6,30,1.5,995,1.974,61.91,41.321
3,6,30,2.0,1245,1.839,60.562,41.325
3,6,30,2.5,1494,1.831,60.308,41.561
3,6,35,0.5,277,2.396,64.621,43.558
3,6,35,1.0,533,1.655,61.351,43.09
3,6,35,1.5,792,1.98,61.237,43.517
3,6,35,2.0,993,1.86,59.919,43.494
3,6,35,2.5,1202,1.865,59.983,43.687
3,6,40,0.5,154,2.744,64.935,48.283
3,6,40,1.0,293,2.34,63.823,47.6
3,6,40,1.5,451,2.488,61.197,47.996
3,6,40,2.0,564,2.37,60.284,47.988
3,6,40,2.5,696,2.377,60.632,48.108
3,6,45,0.5,83,2.887,67.47,53.316
3,6,45,1.0,149,2.484,63.087,52.913
3,6,45,1.5,229,3.061,61.135,53.646
3,6,45,2.0,284,2.908,60.563,53.749
3,6,45,2.5,351,2.966,61.254,53.935
3,6,50,0.5,40,3.855,67.5,59.829
3,6,50,1.0,74,3.101,66.216,58.701
3,6,50,1.5,126,4.089,63.492,58.852
3,6,50,2.0,163,3.751,62.577,58.569
3,6,50,2.5,204,3.599,61.765,58.752
3,7,20,0.5,358,2.504,62.849,40.746
3,7,20,1.0,701,1.877,60.628,40.261
3,7,20,1.5,1043,2.208,61.841,40.602
3,7,20,2.0,1307,2.05,60.673,40.588
3,7,20,2.5,1559,2.024,60.936,40.9
3,7,25,0.5,355,2.501,62.817,40.891
3,7,25,1.0,695,1.877,60.576,40.399
3,7,25,1.5,1035,2.181,61.836,40.731
3,7,25,2.0,1296,2.032,60.648,40.729
3,7,25,2.5,1548,2.009,60.917,41.021
3,7,30,0.5,340,2.536,63.235,41.49
3,7,30,1.0,660,1.914,61.061,41.06
3,7,30,1.5,988,2.233,62.146,41.338
3,7,30,2.0,1236,2.087,60.922,41.348
3,7,30,2.5,1484,2.054,61.119,41.584
3,7,35,0.5,274,2.619,64.234,43.581
3,7,35,1.0,530,1.75,60.566,43.1
3,7,35,1.5,787,2.334,61.881,43.532
3,7,35,2.0,987,2.187,60.689,43.512
3,7,35,2.5,1195,2.16,61.004,43.707
3,7,40,0.5,152,3.185,66.447,48.355
3,7,40,1.0,291,2.612,63.918,47.633
3,7,40,1.5,448,3.023,63.393,48.022
3,7,40,2.0,561,2.893,62.567,48.009
3,7,40,2.5,693,2.859,63.348,48.126
3,7,45,0.5,83,3.729,67.47,53.316
3,7,45,1.0,149,3.178,64.43,52.913
3,7,45,1.5,228,3.934,63.158,53.678
3,7,45,2.0,283,3.624,61.837,53.775
3,7,45,2.5,350,3.668,62.857,53.957
3,7,50,0.5,40,5.492,70.0,59.829
3,7,50,1.0,74,4.396,67.568,58.701
3,7,50,1.5,126,5.566,65.873,58.852
3,7,50,2.0,163,5.038,64.417,58.569
3,7,50,2.5,204,4.884,64.216,58.752
4,1,20,0.5,309,-0.073,48.544,40.897
4,1,20,1.0,595,0.071,52.101,40.893
4,1,20,1.5,862,0.095,51.508,40.627
4,1,20,2.0,1108,0.155,52.527,40.58
4,1,20,2.5,1322,0.244,53.253,40.498
4,1,25,0.5,309,-0.073,48.544,40.897
4,1,25,1.0,595,0.071,52.101,40.893
4,1,25,1.5,862,0.095,51.508,40.627
4,1,25,2.0,1105,0.157,52.579,40.623
4,1,25,2.5,1318,0.247,53.338,40.547
4,1,30,0.5,292,-0.064,47.945,41.624
4,1,30,1.0,570,0.081,51.754,41.443
4,1,30,1.5,823,0.105,51.033,41.212
4,1,30,2.0,1058,0.155,52.174,41.167
4,1,30,2.5,1257,0.248,52.824,41.14
4,1,35,0.5,236,-0.06,47.881,43.635
4,1,35,1.0,461,0.085,52.278,43.443
4,1,35,1.5,660,0.107,50.909,43.252
4,1,35,2.0,846,0.154,51.891,43.249
4,1,35,2.5,1004,0.264,52.789,43.221
4,1,40,0.5,131,0.074,49.618,48.67
4,1,40,1.0,254,0.035,49.213,48.206
4,1,40,1.5,361,0.058,49.584,47.919
4,1,40,2.0,467,0.197,51.606,47.847
4,1,40,2.5,555,0.317,52.793,47.738
4,1,45,0.5,64,0.693,51.562,55.33
4,1,45,1.0,125,0.047,47.2,54.454
4,1,45,1.5,170,0.179,50.0,54.368
4,1,45,2.0,224,0.372,52.232,53.98
4,1,45,2.5,262,0.467,52.672,53.923
4,1,50,0.5,44,1.101,54.545,58.952
4,1,50,1.0,82,0.246,47.561,58.061
4,1,50,1.5,108,0.398,49.074,58.37
4,1,50,2.0,135,0.443,51.852,58.413
4,1,50,2.5,155,0.523,50.968,58.494
4,2,20,0.5,305,0.485,53.77,40.825
4,2,20,1.0,586,0.407,53.413,40.883
4,2,20,1.5,849,0.501,52.886,40.599
4,2,20,2.0,1093,0.466,53.705,40.563
4,2,20,2.5,1307,0.49,53.481,40.483
4,2,25,0.5,305,0.485,53.77,40.825
4,2,25,1.0,586,0.407,53.413,40.883
4,2,25,1.5,849,0.501,52.886,40.599
4,2,25,2.0,1090,0.474,53.853,40.608
4,2,25,2.5,1303,0.497,53.569,40.533
4,2,30,0.5,288,0.544,54.167,41.558
4,2,30,1.0,561,0.437,53.298,41.442
4,2,30,1.5,810,0.546,52.716,41.193
4,2,30,2.0,1043,0.491,53.691,41.159
4,2,30,2.5,1242,0.509,53.221,41.132
4,2,35,0.5,232,0.669,54.31,43.587
4,2,35,1.0,454,0.474,52.863,43.43
4,2,35,1.5,649,0.572,51.926,43.233
4,2,35,2.0,833,0.462,52.581,43.248
4,2,35,2.5,991,0.534,52.674,43.22
4,2,40,0.5,128,1.242,59.375,48.655
4,2,40,1.0,249,0.695,52.61,48.231
4,2,40,1.5,353,0.651,51.558,47.94
4,2,40,2.0,459,0.612,53.813,47.862
4,2,40,2.5,547,0.698,53.931,47.749
4,2,45,0.5,63,2.577,60.317,55.168
4,2,45,1.0,123,0.706,49.593,54.429
4,2,45,1.5,165,0.788,49.697,54.482
4,2,45,2.0,219,0.816,52.511,54.057
4,2,45,2.5,257,0.962,53.307,53.988
4,2,50,0.5,43,3.192,62.791,58.798
4,2,50,1.0,81,1.12,51.852,57.969
4,2,50,1.5,106,1.193,50.0,58.374
4,2,50,2.0,133,1.037,52.632,58.416
4,2,50,2.5,153,1.153,54.248,58.499
4,3,20,0.5,302,0.913,56.954,40.754
4,3,20,1.0,582,0.751,58.076,40.859
4,3,20,1.5,843,0.889,57.77,40.594
4,3,20,2.0,1083,0.827,56.417,40.564
4,3,20,2.5,1296,0.812,57.099,40.483
4,3,25,0.5,302,0.913,56.954,40.754
4,3,25,1.0,582,0.751,58.076,40.859
4,3,25,1.5,843,0.889,57.77,40.594
4,3,25,2.0,1080,0.842,56.574,40.608
4,3,25,2.5,1292,0.828,57.276,40.533
4,3,30,0.5,286,0.992,56.643,41.449
4,3,30,1.0,558,0.784,57.527,41.4
4,3,30,1.5,805,0.922,57.267,41.178
4,3,30,2.0,1034,0.847,56.093,41.154
4,3,30,2.5,1232,0.844,56.899,41.128
4,3,35,0.5,230,1.145,55.217,43.47
4,3,35,1.0,452,0.799,56.416,43.369
4,3,35,1.5,646,0.91,56.502,43.197
4,3,35,2.0,827,0.784,55.381,43.227
4,3,35,2.5,984,0.877,57.012,43.205
4,3,40,0.5,127,1.898,62.992,48.445
4,3,40,1.0,248,1.114,58.468,48.122
4,3,40,1.5,352,1.126,58.807,47.863
4,3,40,2.0,456,1.072,58.114,47.817
4,3,40,2.5,543,1.211,60.405,47.725
4,3,45,0.5,62,3.757,62.903,54.844
4,3,45,1.0,122,1.251,54.918,54.259
4,3,45,1.5,164,1.488,57.317,54.356
4,3,45,2.0,217,1.533,56.682,54.001
4,3,45,2.5,255,1.718,59.216,53.939
4,3,50,0.5,42,4.68,66.667,58.407
4,3,50,1.0,80,1.901,55.0,57.752
4,3,50,1.5,105,2.21,57.143,58.213
4,3,50,2.0,132,1.913,56.818,58.289
4,3,50,2.5,152,2.023,59.211,58.388
4,4,20,0.5,300,0.977,56.333,40.769
4,4,20,1.0,577,1.131,59.445,40.834
4,4,20,1.5,834,1.162,58.993,40.563
4,4,20,2.0,1071,1.083,57.796,40.504
4,4,20,2.5,1284,1.088,57.71,40.432
4,4,25,0.5,300,0.977,56.333,40.769
4,4,25,1.0,577,1.131,59.445,40.834
4,4,25,1.5,834,1.162,58.993,40.563
4,4,25,2.0,1068,1.097,57.865,40.549
4,4,25,2.5,1280,1.105,57.812,40.482
4,4,30,0.5,284,1.028,55.634,41.47
4,4,30,1.0,553,1.169,58.951,41.379
4,4,30,1.5,796,1.218,58.794,41.152
4,4,30,2.0,1022,1.105,57.632,41.098
4,4,30,2.5,1220,1.136,57.787,41.081
4,4,35,0.5,229,1.125,56.332,43.462
4,4,35,1.0,449,1.164,59.02,43.315
4,4,35,1.5,640,1.179,58.125,43.139
4,4,35,2.0,819,1.015,56.777,43.132
4,4,35,2.5,976,1.159,57.787,43.126
4,4,40,0.5,126,1.852,59.524,48.47
4,4,40,1.0,245,1.644,58.367,48.08
4,4,40,1.5,347,1.45,58.213,47.802
4,4,40,2.0,449,1.35,58.129,47.701
4,4,40,2.5,536,1.565,59.515,47.626
4,4,45,0.5,61,3.107,55.738,55.0
4,4,45,1.0,119,1.689,54.622,54.327
4,4,45,1.5,159,1.777,56.604,54.428
4,4,45,2.0,210,1.686,57.619,53.958
4,4,45,2.5,248,1.997,58.871,53.901
4,4,50,0.5,42,4.128,54.762,58.407
4,4,50,1.0,79,2.636,55.696,57.707
4,4,50,1.5,103,2.682,56.311,58.195
4,4,50,2.0,128,2.325,57.812,58.196
4,4,50,2.5,148,2.46,58.108,58.311
4,5,20,0.5,296,1.313,58.108,40.842
4,5,20,1.0,570,1.566,58.772,40.881
4,5,20,1.5,825,1.605,58.061,40.588
4,5,20,2.0,1059,1.691,58.451,40.535
4,5,20,2.5,1272,1.6,58.569,40.457
4,5,25,0.5,296,1.313,58.108,40.842
4,5,25,1.0,570,1.566,58.772,40.881
4,5,25,1.5,825,1.605,58.061,40.588
4,5,25,2.0,1056,1.706,58.523,40.581
4,5,25,2.5,1268,1.614,58.675,40.508
4,5,30,0.5,280,1.421,58.214,41.557
4,5,30,1.0,546,1.639,58.791,41.435
4,5,30,1.5,787,1.68,58.069,41.185
4,5,30,2.0,1010,1.74,58.416,41.138
4,5,30,2.5,1208,1.676,58.775,41.114
4,5,35,0.5,228,1.689,59.649,43.471
4,5,35,1.0,446,1.736,58.296,43.323
4,5,35,1.5,635,1.683,57.48,43.145
4,5,35,2.0,812,1.751,57.759,43.15
4,5,35,2.5,969,1.752,58.617,43.141
4,5,40,0.5,125,2.684,64.0,48.527
4,5,40,1.0,243,2.411,58.025,48.107
4,5,40,1.5,343,2.102,57.434,47.85
4,5,40,2.0,445,2.27,58.876,47.736
4,5,40,2.5,532,2.339,60.15,47.655
4,5,45,0.5,61,3.699,65.574,55.0
4,5,45,1.0,118,2.346,56.78,54.379
4,5,45,1.5,157,2.509,59.236,54.527
4,5,45,2.0,208,2.785,62.981,54.028
4,5,45,2.5,246,2.865,63.008,53.961
4,5,50,0.5,42,4.96,64.286,58.407
4,5,50,1.0,79,3.458,55.696,57.707
4,5,50,1.5,103,3.668,59.223,58.195
4,5,50,2.0,128,3.423,62.5,58.196
4,5,50,2.5,148,3.417,62.838,58.311
4,6,20,0.5,295,1.203,54.576,40.854
4,6,20,1.0,566,1.558,58.481,40.906
4,6,20,1.5,820,1.812,59.878,40.612
4,6,20,2.0,1053,1.803,60.209,40.56
4,6,20,2.5,1265,1.787,60.237,40.48
4,6,25,0.5,295,1.203,54.576,40.854
4,6,25,1.0,566,1.558,58.481,40.906
4,6,25,1.5,820,1.812,59.878,40.612
4,6,25,2.0,1050,1.815,60.286,40.606
4,6,25,2.5,1261,1.797,60.27,40.531
4,6,30,0.5,279,1.414,55.197,41.573
4,6,30,1.0,542,1.681,58.487,41.465
4,6,30,1.5,782,1.921,59.591,41.214
4,6,30,2.0,1004,1.878,60.06,41.168
4,6,30,2.5,1201,1.893,60.45,41.142
4,6,35,0.5,227,1.711,56.388,43.498
4,6,35,1.0,442,1.791,58.597,43.377
4,6,35,1.5,631,2.037,59.113,43.182
4,6,35,2.0,808,1.967,59.158,43.178
4,6,35,2.5,964,2.048,59.959,43.17
4,6,40,0.5,125,2.851,60.0,48.527
4,6,40,1.0,243,2.592,60.082,48.107
4,6,40,1.5,343,2.679,60.933,47.85
4,6,40,2.0,445,2.655,61.348,47.736
4,6,40,2.5,532,2.762,62.97,47.655
4,6,45,0.5,61,4.081,60.656,55.0
4,6,45,1.0,118,2.717,57.627,54.379
4,6,45,1.5,157,3.288,59.873,54.527
4,6,45,2.0,208,3.181,61.538,54.028
4,6,45,2.5,246,3.176,62.602,53.961
4,6,50,0.5,42,4.354,57.143,58.407
4,6,50,1.0,79,3.629,58.228,57.707
4,6,50,1.5,103,4.373,61.165,58.195
4,6,50,2.0,128,3.872,62.5,58.196
4,6,50,2.5,148,3.881,64.189,58.311
4,7,20,0.5,292,1.579,56.507,40.898
4,7,20,1.0,561,1.965,60.428,40.947
4,7,20,1.5,814,2.088,61.057,40.639
4,7,20,2.0,1044,2.02,61.111,40.563
4,7,20,2.5,1252,1.943,60.623,40.494
4,7,25,0.5,292,1.579,56.507,40.898
4,7,25,1.0,561,1.965,60.428,40.947
4,7,25,1.5,814,2.088,61.057,40.639
4,7,25,2.0,1041,2.035,61.191,40.609
4,7,25,2.5,1248,1.95,60.657,40.545
4,7,30,0.5,276,1.815,57.246,41.627
4,7,30,1.0,537,2.102,60.521,41.513
4,7,30,1.5,776,2.211,60.825,41.247
4,7,30,2.0,995,2.098,60.905,41.176
4,7,30,2.5,1188,2.049,60.774,41.164
4,7,35,0.5,226,2.098,57.522,43.495
4,7,35,1.0,440,2.234,60.0,43.388
4,7,35,1.5,628,2.327,60.032,43.195
4,7,35,2.0,803,2.228,60.025,43.163
4,7,35,2.5,956,2.261,60.46,43.173
4,7,40,0.5,124,3.181,62.097,48.561
4,7,40,1.0,242,2.872,61.983,48.123
4,7,40,1.5,342,2.807,61.988,47.86
4,7,40,2.0,442,2.898,62.217,47.719
4,7,40,2.5,528,2.949,63.447,47.654
4,7,45,0.5,61,5.134,63.934,55.0
4,7,45,1.0,118,3.393,61.864,54.379
4,7,45,1.5,157,3.648,63.057,54.527
4,7,45,2.0,206,3.602,62.621,54.035
4,7,45,2.5,244,3.473,63.525,53.966
4,7,50,0.5,42,6.13,64.286,58.407
4,7,50,1.0,79,4.623,62.025,57.707
4,7,50,1.5,103,4.939,63.107,58.195
4,7,50,2.0,127,4.56,62.992,58.191
4,7,50,2.5,147,4.46,64.626,58.307
5,1,20,0.5,214,0.368,58.411,40.176
5,1,20,1.0,469,0.242,53.731,40.3
5,1,20,1.5,682,0.277,54.545,40.103
5,1,20,2.0,898,0.216,53.786,40.098
5,1,20,2.5,1094,0.29,54.205,40.443
5,1,25,0.5,214,0.368,58.411,40.176
5,1,25,1.0,469,0.242,53.731,40.3
5,1,25,1.5,682,0.277,54.545,40.103
5,1,25,2.0,898,0.216,53.786,40.098
5,1,25,2.5,1094,0.29,54.205,40.443
5,1,30,0.5,203,0.374,58.621,40.783
5,1,30,1.0,446,0.253,53.363,40.901
5,1,30,1.5,648,0.275,54.167,40.704
5,1,30,2.0,858,0.225,53.613,40.638
5,1,30,2.5,1046,0.298,53.92,40.993
5,1,35,0.5,165,0.441,59.394,42.604
5,1,35,1.0,353,0.274,54.108,43.022
5,1,35,1.5,516,0.312,54.07,42.71
5,1,35,2.0,679,0.259,53.461,42.707
5,1,35,2.5,827,0.321,54.051,43.147
5,1,40,0.5,75,1.128,64.0,48.967
5,1,40,1.0,174,0.377,54.598,48.771
5,1,40,1.5,253,0.309,53.36,48.161
5,1,40,2.0,350,0.276,52.0,47.642
5,1,40,2.5,443,0.417,53.273,48.056
5,1,45,0.5,40,2.141,77.5,54.698
5,1,45,1.0,91,0.803,58.242,54.497
5,1,45,1.5,123,0.669,55.285,54.265
5,1,45,2.0,160,0.568,53.75,54.022
5,1,45,2.5,213,0.728,55.399,54.252
5,1,50,0.5,23,2.808,78.261,60.624
5,1,50,1.0,55,1.258,58.182,59.326
5,1,50,1.5,75,0.797,54.667,58.943
5,1,50,2.0,95,0.713,54.737,58.86
5,1,50,2.5,127,0.913,56.693,59.026
5,2,20,0.5,213,0.503,54.46,40.174
5,2,20,1.0,464,0.591,56.25,40.301
5,2,20,1.5,673,0.759,57.801,40.098
5,2,20,2.0,887,0.643,57.497,40.103
5,2,20,2.5,1081,0.775,56.892,40.456
5,2,25,0.5,213,0.503,54.46,40.174
5,2,25,1.0,464,0.591,56.25,40.301
5,2,25,1.5,673,0.759,57.801,40.098
5,2,25,2.0,887,0.643,57.497,40.103
5,2,25,2.5,1081,0.775,56.892,40.456
5,2,30,0.5,202,0.487,53.465,40.784
5,2,30,1.0,441,0.595,55.782,40.909
5,2,30,1.5,639,0.772,57.277,40.706
5,2,30,2.0,847,0.667,57.261,40.65
5,2,30,2.5,1033,0.795,56.631,41.013
5,2,35,0.5,164,0.622,51.22,42.616
5,2,35,1.0,348,0.66,54.31,43.063
5,2,35,1.5,508,0.915,56.693,42.728
5,2,35,2.0,670,0.77,56.716,42.725
5,2,35,2.5,816,0.835,56.373,43.181
5,2,40,0.5,74,1.437,56.757,49.079
5,2,40,1.0,172,0.933,56.977,48.851
5,2,40,1.5,249,1.068,58.635,48.21
5,2,40,2.0,346,0.913,57.803,47.671
5,2,40,2.5,439,0.987,57.175,48.082
5,2,45,0.5,40,2.649,67.5,54.698
5,2,45,1.0,91,1.325,58.242,54.497
5,2,45,1.5,121,1.309,57.851,54.362
5,2,45,2.0,158,1.371,59.494,54.093
5,2,45,2.5,211,1.236,58.768,54.308
5,2,50,0.5,23,3.466,65.217,60.624
5,2,50,1.0,55,2.172,56.364,59.326
5,2,50,1.5,74,1.699,54.054,59.059
5,2,50,2.0,94,1.869,57.447,58.951
5,2,50,2.5,126,1.627,57.937,59.094
5,3,20,0.5,212,1.184,63.679,40.212
5,3,20,1.0,458,1.176,60.044,40.362
5,3,20,1.5,666,1.264,60.661,40.134
5,3,20,2.0,877,1.071,59.407,40.128
5,3,20,2.5,1067,1.142,58.107,40.436
5,3,25,0.5,212,1.184,63.679,40.212
5,3,25,1.0,458,1.176,60.044,40.362
5,3,25,1.5,666,1.264,60.661,40.134
5,3,25,2.0,877,1.071,59.407,40.128
5,3,25,2.5,1067,1.142,58.107,40.436
5,3,30,0.5,201,1.132,63.184,40.827
5,3,30,1.0,435,1.175,60.0,40.982
5,3,30,1.5,632,1.277,60.285,40.751
5,3,30,2.0,837,1.103,59.379,40.683
5,3,30,2.5,1019,1.168,58.096,41.001
5,3,35,0.5,164,1.38,62.195,42.616
5,3,35,1.0,346,1.348,59.249,43.069
5,3,35,1.5,505,1.509,60.396,42.73
5,3,35,2.0,665,1.295,59.398,42.722
5,3,35,2.5,807,1.231,58.116,43.137
5,3,40,0.5,74,2.513,70.27,49.079
5,3,40,1.0,171,1.828,63.743,48.872
5,3,40,1.5,247,1.975,63.158,48.243
5,3,40,2.0,343,1.649,61.516,47.687
5,3,40,2.5,434,1.532,59.677,48.015
5,3,45,0.5,40,4.077,82.5,54.698
5,3,45,1.0,90,2.61,67.778,54.6
5,3,45,1.5,120,2.681,65.833,54.439
5,3,45,2.0,156,2.424,64.744,54.181
5,3,45,2.5,207,2.048,62.802,54.262
5,3,50,0.5,23,5.743,82.609,60.624
5,3,50,1.0,55,3.8,67.273,59.326
5,3,50,1.5,74,3.73,64.865,59.059
5,3,50,2.0,94,3.641,65.957,58.951
5,3,50,2.5,124,3.013,64.516,58.981
5,4,20,0.5,210,1.701,60.952,40.222
5,4,20,1.0,452,1.537,57.301,40.379
5,4,20,1.5,659,1.704,60.395,40.152
5,4,20,2.0,869,1.621,60.875,40.141
5,4,20,2.5,1058,1.667,60.586,40.451
5,4,25,0.5,210,1.701,60.952,40.222
5,4,25,1.0,452,1.537,57.301,40.379
5,4,25,1.5,659,1.704,60.395,40.152
5,4,25,2.0,869,1.621,60.875,40.141
5,4,25,2.5,1058,1.667,60.586,40.451
5,4,30,0.5,199,1.537,60.804,40.844
5,4,30,1.0,429,1.498,57.343,41.009
5,4,30,1.5,625,1.695,60.0,40.778
5,4,30,2.0,829,1.649,60.917,40.702
5,4,30,2.5,1010,1.681,60.594,41.021
5,4,35,0.5,163,1.721,59.509,42.601
5,4,35,1.0,343,1.588,56.851,43.055
5,4,35,1.5,502,1.899,59.761,42.719
5,4,35,2.0,661,1.79,60.514,42.716
5,4,35,2.5,802,1.721,60.224,43.141
5,4,40,0.5,73,2.832,64.384,49.133
5,4,40,1.0,169,2.309,59.763,48.89
5,4,40,1.5,245,2.784,62.857,48.251
5,4,40,2.0,340,2.467,63.824,47.71
5,4,40,2.5,431,2.305,63.109,48.035
5,4,45,0.5,39,4.317,74.359,54.944
5,4,45,1.0,88,3.115,62.5,54.765
5,4,45,1.5,118,3.516,64.407,54.559
5,4,45,2.0,154,3.15,64.935,54.27
5,4,45,2.5,205,2.779,65.366,54.33
5,4,50,0.5,23,6.532,78.261,60.624
5,4,50,1.0,55,4.154,61.818,59.326
5,4,50,1.5,74,4.758,62.162,59.059
5,4,50,2.0,94,4.62,64.894,58.951
5,4,50,2.5,124,3.896,65.323,58.981
5,5,20,0.5,208,2.073,56.731,40.277
5,5,20,1.0,450,2.018,58.667,40.405
5,5,20,1.5,655,2.021,59.542,40.184
5,5,20,2.0,862,1.973,60.093,40.178
5,5,20,2.5,1051,2.068,59.657,40.484
5,5,25,0.5,208,2.073,56.731,40.277
5,5,25,1.0,450,2.018,58.667,40.405
5,5,25,1.5,655,2.021,59.542,40.184
5,5,25,2.0,862,1.973,60.093,40.178
5,5,25,2.5,1051,2.068,59.657,40.484
5,5,30,0.5,197,1.896,57.36,40.908
5,5,30,1.0,427,1.994,59.485,41.039
5,5,30,1.5,621,2.01,59.742,40.816
5,5,30,2.0,822,1.992,60.341,40.746
5,5,30,2.5,1003,2.076,59.721,41.059
5,5,35,0.5,162,2.055,55.556,42.645
5,5,35,1.0,342,2.06,58.48,43.078
5,5,35,1.5,500,2.229,59.4,42.743
5,5,35,2.0,657,2.168,59.97,42.748
5,5,35,2.5,798,2.176,59.148,43.169
5,5,40,0.5,73,3.138,58.904,49.133
5,5,40,1.0,169,3.077,62.722,48.89
5,5,40,1.5,245,3.252,61.633,48.251
5,5,40,2.0,339,2.933,61.947,47.732
5,5,40,2.5,430,2.947,60.93,48.053
5,5,45,0.5,39,4.397,69.231,54.944
5,5,45,1.0,88,3.928,69.318,54.765
5,5,45,1.5,118,3.927,67.797,54.559
5,5,45,2.0,154,3.434,66.234,54.27
5,5,45,2.5,205,3.498,64.878,54.33
5,5,50,0.5,23,6.989,73.913,60.624
5,5,50,1.0,55,5.414,70.909,59.326
5,5,50,1.5,74,5.559,70.27,59.059
5,5,50,2.0,94,5.27,69.149,58.951
5,5,50,2.5,124,4.916,66.935,58.981
5,6,20,0.5,208,2.071,61.058,40.277
5,6,20,1.0,446,2.216,61.211,40.437
5,6,20,1.5,651,2.151,62.98,40.206
5,6,20,2.0,856,2.168,62.617,40.21
5,6,20,2.5,1044,2.133,62.069,40.511
5,6,25,0.5,208,2.071,61.058,40.277
5,6,25,1.0,446,2.216,61.211,40.437
5,6,25,1.5,651,2.151,62.98,40.206
5,6,25,2.0,856,2.168,62.617,40.21
5,6,25,2.5,1044,2.133,62.069,40.511
5,6,30,0.5,197,1.963,61.929,40.908
5,6,30,1.0,423,2.259,61.939,41.079
5,6,30,1.5,617,2.172,63.047,40.842
5,6,30,2.0,816,2.203,62.745,40.784
5,6,30,2.5,996,2.146,61.948,41.092
5,6,35,0.5,162,2.11,61.111,42.645
5,6,35,1.0,339,2.415,61.947,43.128
5,6,35,1.5,497,2.442,63.179,42.775
5,6,35,2.0,654,2.419,62.385,42.773
5,6,35,2.5,794,2.312,61.461,43.193
5,6,40,0.5,73,3.332,63.014,49.133
5,6,40,1.0,169,3.697,66.864,48.89
5,6,40,1.5,245,3.663,67.755,48.251
5,6,40,2.0,339,3.406,65.782,47.732
5,6,40,2.5,429,3.117,64.336,48.07
5,6,45,0.5,39,4.047,64.103,54.944
5,6,45,1.0,88,4.126,68.182,54.765
5,6,45,1.5,118,4.001,66.949,54.559
5,6,45,2.0,154,3.849,65.584,54.27
5,6,45,2.5,205,3.393,63.902,54.33
5,6,50,0.5,23,6.245,69.565,60.624
5,6,50,1.0,55,5.535,72.727,59.326
5,6,50,1.5,74,5.529,71.622,59.059
5,6,50,2.0,94,5.673,71.277,58.951
5,6,50,2.5,124,4.929,69.355,58.981
5,7,20,0.5,205,2.224,60.488,40.202
5,7,20,1.0,441,2.475,62.132,40.453
5,7,20,1.5,643,2.368,62.519,40.23
5,7,20,2.0,844,2.342,61.73,40.249
5,7,20,2.5,1032,2.375,61.919,40.546
5,7,25,0.5,205,2.224,60.488,40.202
5,7,25,1.0,441,2.475,62.132,40.453
5,7,25,1.5,643,2.368,62.519,40.23
5,7,25,2.0,844,2.342,61.73,40.249
5,7,25,2.5,1032,2.375,61.919,40.546
5,7,30,0.5,194,2.095,61.34,40.839
5,7,30,1.0,419,2.542,63.007,41.075
5,7,30,1.5,610,2.41,62.623,40.857
5,7,30,2.0,805,2.365,61.863,40.818
5,7,30,2.5,985,2.365,61.827,41.124
5,7,35,0.5,160,2.381,61.25,42.529
5,7,35,1.0,337,2.712,62.611,43.076
5,7,35,1.5,493,2.693,62.475,42.756
5,7,35,2.0,647,2.566,61.515,42.782
5,7,35,2.5,787,2.544,61.372,43.204
5,7,40,0.5,72,3.492,62.5,48.894
5,7,40,1.0,168,4.055,67.857,48.786
5,7,40,1.5,244,4.009,66.803,48.176
5,7,40,2.0,337,3.594,64.392,47.699
5,7,40,2.5,427,3.397,63.7,48.045
5,7,45,0.5,38,3.709,60.526,54.643
5,7,45,1.0,87,4.3,66.667,54.632
5,7,45,1.5,117,4.133,64.957,54.458
5,7,45,2.0,153,3.761,62.745,54.191
5,7,45,2.5,204,3.518,63.235,54.271
5,7,50,0.5,22,6.779,63.636,60.364
5,7,50,1.0,54,6.36,66.667,59.196
5,7,50,1.5,73,6.297,67.123,58.959
5,7,50,2.0,93,5.891,65.591,58.871
5,7,50,2.5,123,5.42,65.854,58.921
